Interval Start,Interval End,Interval Minutes,Symbol,Ticker,Open,High,Low,Close,Volume,Source,Source URL,Fetch Timestamp
2026-06-08T03:45:00+00:00,2026-06-08T04:15:00+00:00,30,RELIANCE,RELIANCE.NS,1278.800048828125,1281.5,1273.5,1278.300048828125,1461267,Yahoo Finance automated fallback,https://query1.finance.yahoo.com/v8/finance/chart/RELIANCE.NS?period1=1780730447&period2=1783322447&interval=30m&events=history&includePrePost=false,2026-07-06T07:20:47.556797+00:00
2026-06-08T04:15:00+00:00,2026-06-08T04:45:00+00:00,30,RELIANCE,RELIANCE.NS,1278.300048828125,1282.5999755859375,1277.0,1279.300048828125,863961,Yahoo Finance automated fallback,https://query1.finance.yahoo.com/v8/finance/chart/RELIANCE.NS?period1=1780730447&period2=1783322447&interval=30m&events=history&includePrePost=false,2026-07-06T07:20:47.556797+00:00
2026-06-08T04:45:00+00:00,2026-06-08T05:15:00+00:00,30,RELIANCE,RELIANCE.NS,1279.300048828125,1279.800048828125,1275.0,1275.199951171875,1618237,Yahoo Finance automated fallback,https://query1.finance.yahoo.com/v8/finance/chart/RELIANCE.NS?period1=1780730447&period2=1783322447&interval=30m&events=history&includePrePost=false,2026-07-06T07:20:47.556797+00:00
2026-06-08T05:15:00+00:00,2026-06-08T05:45:00+00:00,30,RELIANCE,RELIANCE.NS,1275.0,1277.0,1274.199951171875,1276.0,1014294,Yahoo Finance automated fallback,https://query1.finance.yahoo.com/v8/finance/chart/RELIANCE.NS?period1=1780730447&period2=1783322447&interval=30m&events=history&includePrePost=false,2026-07-06T07:20:47.556797+00:00
2026-06-08T05:45:00+00:00,2026-06-08T06:15:00+00:00,30,RELIANCE,RELIANCE.NS,1276.0,1276.699951171875,1274.199951171875,1275.5999755859375,635453,Yahoo Finance automated fallback,https://query1.finance.yahoo.com/v8/finance/chart/RELIANCE.NS?period1=1780730447&period2=1783322447&interval=30m&events=history&includePrePost=false,2026-07-06T07:20:47.556797+00:00
2026-06-08T06:15:00+00:00,2026-06-08T06:45:00+00:00,30,RELIANCE,RELIANCE.NS,1275.5999755859375,1276.800048828125,1274.300048828125,1275.199951171875,715569,Yahoo Finance automated fallback,https://query1.finance.yahoo.com/v8/finance/chart/RELIANCE.NS?period1=1780730447&period2=1783322447&interval=30m&events=history&includePrePost=false,2026-07-06T07:20:47.556797+00:00
2026-06-08T06:45:00+00:00,2026-06-08T07:15:00+00:00,30,RELIANCE,RELIANCE.NS,1275.0999755859375,1276.199951171875,1274.9000244140625,1275.9000244140625,582630,Yahoo Finance automated fallback,https://query1.finance.yahoo.com/v8/finance/chart/RELIANCE.NS?period1=1780730447&period2=1783322447&interval=30m&events=history&includePrePost=false,2026-07-06T07:20:47.556797+00:00
2026-06-08T07:15:00+00:00,2026-06-08T07:45:00+00:00,30,RELIANCE,RELIANCE.NS,1275.9000244140625,1277.699951171875,1274.0,1274.0999755859375,718886,Yahoo Finance automated fallback,https://query1.finance.yahoo.com/v8/finance/chart/RELIANCE.NS?period1=1780730447&period2=1783322447&interval=30m&events=history&includePrePost=false,2026-07-06T07:20:47.556797+00:00
2026-06-08T07:45:00+00:00,2026-06-08T08:15:00+00:00,30,RELIANCE,RELIANCE.NS,1274.0,1274.800048828125,1270.699951171875,1272.0,1491554,Yahoo Finance automated fallback,https://query1.finance.yahoo.com/v8/finance/chart/RELIANCE.NS?period1=1780730447&period2=1783322447&interval=30m&events=history&includePrePost=false,2026-07-06T07:20:47.556797+00:00
2026-06-08T08:15:00+00:00,2026-06-08T08:45:00+00:00,30,RELIANCE,RELIANCE.NS,1272.0,1272.9000244140625,1270.300048828125,1270.5999755859375,937118,Yahoo Finance automated fallback,https://query1.finance.yahoo.com/v8/finance/chart/RELIANCE.NS?period1=1780730447&period2=1783322447&interval=30m&events=history&includePrePost=false,2026-07-06T07:20:47.556797+00:00
2026-06-08T08:45:00+00:00,2026-06-08T09:15:00+00:00,30,RELIANCE,RELIANCE.NS,1270.5999755859375,1271.0,1267.0,1270.5999755859375,868159,Yahoo Finance automated fallback,https://query1.finance.yahoo.com/v8/finance/chart/RELIANCE.NS?period1=1780730447&period2=1783322447&interval=30m&events=history&includePrePost=false,2026-07-06T07:20:47.556797+00:00
2026-06-08T09:15:00+00:00,2026-06-08T09:45:00+00:00,30,RELIANCE,RELIANCE.NS,1270.5999755859375,1270.5999755859375,1263.0999755859375,1265.0999755859375,2315547,Yahoo Finance automated fallback,https://query1.finance.yahoo.com/v8/finance/chart/RELIANCE.NS?period1=1780730447&period2=1783322447&interval=30m&events=history&includePrePost=false,2026-07-06T07:20:47.556797+00:00
2026-06-08T09:45:00+00:00,2026-06-08T10:15:00+00:00,30,RELIANCE,RELIANCE.NS,1265.0999755859375,1265.0999755859375,1259.199951171875,1262.800048828125,2453825,Yahoo Finance automated fallback,https://query1.finance.yahoo.com/v8/finance/chart/RELIANCE.NS?period1=1780730447&period2=1783322447&interval=30m&events=history&includePrePost=false,2026-07-06T07:20:47.556797+00:00
2026-06-09T03:45:00+00:00,2026-06-09T04:15:00+00:00,30,RELIANCE,RELIANCE.NS,1267.800048828125,1274.199951171875,1265.5999755859375,1270.0999755859375,1187440,Yahoo Finance automated fallback,https://query1.finance.yahoo.com/v8/finance/chart/RELIANCE.NS?period1=1780730447&period2=1783322447&interval=30m&events=history&includePrePost=false,2026-07-06T07:20:47.556797+00:00
2026-06-09T04:15:00+00:00,2026-06-09T04:45:00+00:00,30,RELIANCE,RELIANCE.NS,1270.0,1271.5,1268.0999755859375,1269.5,424170,Yahoo Finance automated fallback,https://query1.finance.yahoo.com/v8/finance/chart/RELIANCE.NS?period1=1780730447&period2=1783322447&interval=30m&events=history&includePrePost=false,2026-07-06T07:20:47.556797+00:00
2026-06-09T04:45:00+00:00,2026-06-09T05:15:00+00:00,30,RELIANCE,RELIANCE.NS,1269.4000244140625,1269.5999755859375,1265.5999755859375,1266.4000244140625,560733,Yahoo Finance automated fallback,https://query1.finance.yahoo.com/v8/finance/chart/RELIANCE.NS?period1=1780730447&period2=1783322447&interval=30m&events=history&includePrePost=false,2026-07-06T07:20:47.556797+00:00
2026-06-09T05:15:00+00:00,2026-06-09T05:45:00+00:00,30,RELIANCE,RELIANCE.NS,1266.4000244140625,1267.0,1262.199951171875,1264.699951171875,882766,Yahoo Finance automated fallback,https://query1.finance.yahoo.com/v8/finance/chart/RELIANCE.NS?period1=1780730447&period2=1783322447&interval=30m&events=history&includePrePost=false,2026-07-06T07:20:47.556797+00:00
2026-06-09T05:45:00+00:00,2026-06-09T06:15:00+00:00,30,RELIANCE,RELIANCE.NS,1264.199951171875,1266.199951171875,1261.5999755859375,1263.0999755859375,1665887,Yahoo Finance automated fallback,https://query1.finance.yahoo.com/v8/finance/chart/RELIANCE.NS?period1=1780730447&period2=1783322447&interval=30m&events=history&includePrePost=false,2026-07-06T07:20:47.556797+00:00
2026-06-09T06:15:00+00:00,2026-06-09T06:45:00+00:00,30,RELIANCE,RELIANCE.NS,1263.0,1267.0,1262.699951171875,1264.800048828125,965733,Yahoo Finance automated fallback,https://query1.finance.yahoo.com/v8/finance/chart/RELIANCE.NS?period1=1780730447&period2=1783322447&interval=30m&events=history&includePrePost=false,2026-07-06T07:20:47.556797+00:00
2026-06-09T06:45:00+00:00,2026-06-09T07:15:00+00:00,30,RELIANCE,RELIANCE.NS,1264.800048828125,1266.0,1263.5999755859375,1263.9000244140625,754268,Yahoo Finance automated fallback,https://query1.finance.yahoo.com/v8/finance/chart/RELIANCE.NS?period1=1780730447&period2=1783322447&interval=30m&events=history&includePrePost=false,2026-07-06T07:20:47.556797+00:00
2026-06-09T07:15:00+00:00,2026-06-09T07:45:00+00:00,30,RELIANCE,RELIANCE.NS,1263.9000244140625,1264.5999755859375,1260.0,1262.0,2403299,Yahoo Finance automated fallback,https://query1.finance.yahoo.com/v8/finance/chart/RELIANCE.NS?period1=1780730447&period2=1783322447&interval=30m&events=history&includePrePost=false,2026-07-06T07:20:47.556797+00:00
2026-06-09T07:45:00+00:00,2026-06-09T08:15:00+00:00,30,RELIANCE,RELIANCE.NS,1262.0,1262.0,1258.4000244140625,1259.5999755859375,3097048,Yahoo Finance automated fallback,https://query1.finance.yahoo.com/v8/finance/chart/RELIANCE.NS?period1=1780730447&period2=1783322447&interval=30m&events=history&includePrePost=false,2026-07-06T07:20:47.556797+00:00
2026-06-09T08:15:00+00:00,2026-06-09T08:45:00+00:00,30,RELIANCE,RELIANCE.NS,1259.5999755859375,1261.5999755859375,1258.0,1259.300048828125,1250903,Yahoo Finance automated fallback,https://query1.finance.yahoo.com/v8/finance/chart/RELIANCE.NS?period1=1780730447&period2=1783322447&interval=30m&events=history&includePrePost=false,2026-07-06T07:20:47.556797+00:00
2026-06-09T08:45:00+00:00,2026-06-09T09:15:00+00:00,30,RELIANCE,RELIANCE.NS,1259.300048828125,1264.699951171875,1257.5999755859375,1264.199951171875,2330599,Yahoo Finance automated fallback,https://query1.finance.yahoo.com/v8/finance/chart/RELIANCE.NS?period1=1780730447&period2=1783322447&interval=30m&events=history&includePrePost=false,2026-07-06T07:20:47.556797+00:00
2026-06-09T09:15:00+00:00,2026-06-09T09:45:00+00:00,30,RELIANCE,RELIANCE.NS,1264.0999755859375,1271.300048828125,1262.699951171875,1269.4000244140625,5763665,Yahoo Finance automated fallback,https://query1.finance.yahoo.com/v8/finance/chart/RELIANCE.NS?period1=1780730447&period2=1783322447&interval=30m&events=history&includePrePost=false,2026-07-06T07:20:47.556797+00:00
2026-06-09T09:45:00+00:00,2026-06-09T10:15:00+00:00,30,RELIANCE,RELIANCE.NS,1269.4000244140625,1272.9000244140625,1267.9000244140625,1272.5,1779242,Yahoo Finance automated fallback,https://query1.finance.yahoo.com/v8/finance/chart/RELIANCE.NS?period1=1780730447&period2=1783322447&interval=30m&events=history&includePrePost=false,2026-07-06T07:20:47.556797+00:00
2026-06-10T03:45:00+00:00,2026-06-10T04:15:00+00:00,30,RELIANCE,RELIANCE.NS,1275.199951171875,1300.4000244140625,1275.199951171875,1294.300048828125,1779795,Yahoo Finance automated fallback,https://query1.finance.yahoo.com/v8/finance/chart/RELIANCE.NS?period1=1780730447&period2=1783322447&interval=30m&events=history&includePrePost=false,2026-07-06T07:20:47.556797+00:00
2026-06-10T04:15:00+00:00,2026-06-10T04:45:00+00:00,30,RELIANCE,RELIANCE.NS,1294.300048828125,1299.699951171875,1283.0,1284.300048828125,1313269,Yahoo Finance automated fallback,https://query1.finance.yahoo.com/v8/finance/chart/RELIANCE.NS?period1=1780730447&period2=1783322447&interval=30m&events=history&includePrePost=false,2026-07-06T07:20:47.556797+00:00
2026-06-10T04:45:00+00:00,2026-06-10T05:15:00+00:00,30,RELIANCE,RELIANCE.NS,1283.9000244140625,1284.300048828125,1279.0,1280.300048828125,1155993,Yahoo Finance automated fallback,https://query1.finance.yahoo.com/v8/finance/chart/RELIANCE.NS?period1=1780730447&period2=1783322447&interval=30m&events=history&includePrePost=false,2026-07-06T07:20:47.556797+00:00
2026-06-10T05:15:00+00:00,2026-06-10T05:45:00+00:00,30,RELIANCE,RELIANCE.NS,1280.4000244140625,1283.9000244140625,1279.0999755859375,1281.4000244140625,1066900,Yahoo Finance automated fallback,https://query1.finance.yahoo.com/v8/finance/chart/RELIANCE.NS?period1=1780730447&period2=1783322447&interval=30m&events=history&includePrePost=false,2026-07-06T07:20:47.556797+00:00
2026-06-10T05:45:00+00:00,2026-06-10T06:15:00+00:00,30,RELIANCE,RELIANCE.NS,1281.300048828125,1282.0,1277.0999755859375,1277.9000244140625,1199841,Yahoo Finance automated fallback,https://query1.finance.yahoo.com/v8/finance/chart/RELIANCE.NS?period1=1780730447&period2=1783322447&interval=30m&events=history&includePrePost=false,2026-07-06T07:20:47.556797+00:00
2026-06-10T06:15:00+00:00,2026-06-10T06:45:00+00:00,30,RELIANCE,RELIANCE.NS,1277.9000244140625,1277.9000244140625,1274.4000244140625,1275.0,763121,Yahoo Finance automated fallback,https://query1.finance.yahoo.com/v8/finance/chart/RELIANCE.NS?period1=1780730447&period2=1783322447&interval=30m&events=history&includePrePost=false,2026-07-06T07:20:47.556797+00:00
2026-06-10T06:45:00+00:00,2026-06-10T07:15:00+00:00,30,RELIANCE,RELIANCE.NS,1275.0,1275.4000244140625,1269.0999755859375,1269.5999755859375,1075882,Yahoo Finance automated fallback,https://query1.finance.yahoo.com/v8/finance/chart/RELIANCE.NS?period1=1780730447&period2=1783322447&interval=30m&events=history&includePrePost=false,2026-07-06T07:20:47.556797+00:00
2026-06-10T07:15:00+00:00,2026-06-10T07:45:00+00:00,30,RELIANCE,RELIANCE.NS,1269.9000244140625,1275.4000244140625,1268.199951171875,1268.9000244140625,3739499,Yahoo Finance automated fallback,https://query1.finance.yahoo.com/v8/finance/chart/RELIANCE.NS?period1=1780730447&period2=1783322447&interval=30m&events=history&includePrePost=false,2026-07-06T07:20:47.556797+00:00
2026-06-10T07:45:00+00:00,2026-06-10T08:15:00+00:00,30,RELIANCE,RELIANCE.NS,1268.9000244140625,1271.800048828125,1267.0,1267.0999755859375,1868566,Yahoo Finance automated fallback,https://query1.finance.yahoo.com/v8/finance/chart/RELIANCE.NS?period1=1780730447&period2=1783322447&interval=30m&events=history&includePrePost=false,2026-07-06T07:20:47.556797+00:00
2026-06-10T08:15:00+00:00,2026-06-10T08:45:00+00:00,30,RELIANCE,RELIANCE.NS,1267.0999755859375,1270.5999755859375,1266.0,1267.0999755859375,851855,Yahoo Finance automated fallback,https://query1.finance.yahoo.com/v8/finance/chart/RELIANCE.NS?period1=1780730447&period2=1783322447&interval=30m&events=history&includePrePost=false,2026-07-06T07:20:47.556797+00:00
2026-06-10T08:45:00+00:00,2026-06-10T09:15:00+00:00,30,RELIANCE,RELIANCE.NS,1267.199951171875,1269.5999755859375,1262.800048828125,1263.4000244140625,1121013,Yahoo Finance automated fallback,https://query1.finance.yahoo.com/v8/finance/chart/RELIANCE.NS?period1=1780730447&period2=1783322447&interval=30m&events=history&includePrePost=false,2026-07-06T07:20:47.556797+00:00
2026-06-10T09:15:00+00:00,2026-06-10T09:45:00+00:00,30,RELIANCE,RELIANCE.NS,1263.0,1264.0,1258.199951171875,1258.699951171875,1932621,Yahoo Finance automated fallback,https://query1.finance.yahoo.com/v8/finance/chart/RELIANCE.NS?period1=1780730447&period2=1783322447&interval=30m&events=history&includePrePost=false,2026-07-06T07:20:47.556797+00:00
2026-06-10T09:45:00+00:00,2026-06-10T10:15:00+00:00,30,RELIANCE,RELIANCE.NS,1258.699951171875,1260.5,1255.199951171875,1258.5,2011533,Yahoo Finance automated fallback,https://query1.finance.yahoo.com/v8/finance/chart/RELIANCE.NS?period1=1780730447&period2=1783322447&interval=30m&events=history&includePrePost=false,2026-07-06T07:20:47.556797+00:00
2026-06-11T03:45:00+00:00,2026-06-11T04:15:00+00:00,30,RELIANCE,RELIANCE.NS,1256.0999755859375,1262.4000244140625,1253.5999755859375,1262.300048828125,733974,Yahoo Finance automated fallback,https://query1.finance.yahoo.com/v8/finance/chart/RELIANCE.NS?period1=1780730447&period2=1783322447&interval=30m&events=history&includePrePost=false,2026-07-06T07:20:47.556797+00:00
2026-06-11T04:15:00+00:00,2026-06-11T04:45:00+00:00,30,RELIANCE,RELIANCE.NS,1262.199951171875,1266.5,1258.0,1265.300048828125,1092853,Yahoo Finance automated fallback,https://query1.finance.yahoo.com/v8/finance/chart/RELIANCE.NS?period1=1780730447&period2=1783322447&interval=30m&events=history&includePrePost=false,2026-07-06T07:20:47.556797+00:00
2026-06-11T04:45:00+00:00,2026-06-11T05:15:00+00:00,30,RELIANCE,RELIANCE.NS,1265.199951171875,1267.5,1264.0,1265.5,611278,Yahoo Finance automated fallback,https://query1.finance.yahoo.com/v8/finance/chart/RELIANCE.NS?period1=1780730447&period2=1783322447&interval=30m&events=history&includePrePost=false,2026-07-06T07:20:47.556797+00:00
2026-06-11T05:15:00+00:00,2026-06-11T05:45:00+00:00,30,RELIANCE,RELIANCE.NS,1265.5999755859375,1269.9000244140625,1265.0,1266.5999755859375,433901,Yahoo Finance automated fallback,https://query1.finance.yahoo.com/v8/finance/chart/RELIANCE.NS?period1=1780730447&period2=1783322447&interval=30m&events=history&includePrePost=false,2026-07-06T07:20:47.556797+00:00
2026-06-11T05:45:00+00:00,2026-06-11T06:15:00+00:00,30,RELIANCE,RELIANCE.NS,1266.699951171875,1270.0,1266.199951171875,1269.4000244140625,1183562,Yahoo Finance automated fallback,https://query1.finance.yahoo.com/v8/finance/chart/RELIANCE.NS?period1=1780730447&period2=1783322447&interval=30m&events=history&includePrePost=false,2026-07-06T07:20:47.556797+00:00
2026-06-11T06:15:00+00:00,2026-06-11T06:45:00+00:00,30,RELIANCE,RELIANCE.NS,1269.5,1270.0,1267.9000244140625,1269.4000244140625,702562,Yahoo Finance automated fallback,https://query1.finance.yahoo.com/v8/finance/chart/RELIANCE.NS?period1=1780730447&period2=1783322447&interval=30m&events=history&includePrePost=false,2026-07-06T07:20:47.556797+00:00
2026-06-11T06:45:00+00:00,2026-06-11T07:15:00+00:00,30,RELIANCE,RELIANCE.NS,1269.199951171875,1276.0,1268.300048828125,1269.5,1245370,Yahoo Finance automated fallback,https://query1.finance.yahoo.com/v8/finance/chart/RELIANCE.NS?period1=1780730447&period2=1783322447&interval=30m&events=history&includePrePost=false,2026-07-06T07:20:47.556797+00:00
2026-06-11T07:15:00+00:00,2026-06-11T07:45:00+00:00,30,RELIANCE,RELIANCE.NS,1269.5,1270.5,1267.4000244140625,1268.0,600493,Yahoo Finance automated fallback,https://query1.finance.yahoo.com/v8/finance/chart/RELIANCE.NS?period1=1780730447&period2=1783322447&interval=30m&events=history&includePrePost=false,2026-07-06T07:20:47.556797+00:00
2026-06-11T07:45:00+00:00,2026-06-11T08:15:00+00:00,30,RELIANCE,RELIANCE.NS,1267.5,1267.9000244140625,1265.0,1265.800048828125,551126,Yahoo Finance automated fallback,https://query1.finance.yahoo.com/v8/finance/chart/RELIANCE.NS?period1=1780730447&period2=1783322447&interval=30m&events=history&includePrePost=false,2026-07-06T07:20:47.556797+00:00
2026-06-11T08:15:00+00:00,2026-06-11T08:45:00+00:00,30,RELIANCE,RELIANCE.NS,1265.800048828125,1267.800048828125,1265.0,1267.5999755859375,519931,Yahoo Finance automated fallback,https://query1.finance.yahoo.com/v8/finance/chart/RELIANCE.NS?period1=1780730447&period2=1783322447&interval=30m&events=history&includePrePost=false,2026-07-06T07:20:47.556797+00:00
2026-06-11T08:45:00+00:00,2026-06-11T09:15:00+00:00,30,RELIANCE,RELIANCE.NS,1267.5999755859375,1270.4000244140625,1265.5,1267.699951171875,1325563,Yahoo Finance automated fallback,https://query1.finance.yahoo.com/v8/finance/chart/RELIANCE.NS?period1=1780730447&period2=1783322447&interval=30m&events=history&includePrePost=false,2026-07-06T07:20:47.556797+00:00
2026-06-11T09:15:00+00:00,2026-06-11T09:45:00+00:00,30,RELIANCE,RELIANCE.NS,1267.699951171875,1268.300048828125,1260.199951171875,1262.0999755859375,2879669,Yahoo Finance automated fallback,https://query1.finance.yahoo.com/v8/finance/chart/RELIANCE.NS?period1=1780730447&period2=1783322447&interval=30m&events=history&includePrePost=false,2026-07-06T07:20:47.556797+00:00
2026-06-11T09:45:00+00:00,2026-06-11T10:15:00+00:00,30,RELIANCE,RELIANCE.NS,1261.5,1264.5,1261.199951171875,1264.0999755859375,668303,Yahoo Finance automated fallback,https://query1.finance.yahoo.com/v8/finance/chart/RELIANCE.NS?period1=1780730447&period2=1783322447&interval=30m&events=history&includePrePost=false,2026-07-06T07:20:47.556797+00:00
2026-06-12T03:45:00+00:00,2026-06-12T04:15:00+00:00,30,RELIANCE,RELIANCE.NS,1276.0999755859375,1280.5,1269.4000244140625,1270.199951171875,765299,Yahoo Finance automated fallback,https://query1.finance.yahoo.com/v8/finance/chart/RELIANCE.NS?period1=1780730447&period2=1783322447&interval=30m&events=history&includePrePost=false,2026-07-06T07:20:47.556797+00:00
2026-06-12T04:15:00+00:00,2026-06-12T04:45:00+00:00,30,RELIANCE,RELIANCE.NS,1270.0999755859375,1270.9000244140625,1267.699951171875,1270.0,502715,Yahoo Finance automated fallback,https://query1.finance.yahoo.com/v8/finance/chart/RELIANCE.NS?period1=1780730447&period2=1783322447&interval=30m&events=history&includePrePost=false,2026-07-06T07:20:47.556797+00:00
2026-06-12T04:45:00+00:00,2026-06-12T05:15:00+00:00,30,RELIANCE,RELIANCE.NS,1270.0999755859375,1270.699951171875,1268.800048828125,1269.0999755859375,466556,Yahoo Finance automated fallback,https://query1.finance.yahoo.com/v8/finance/chart/RELIANCE.NS?period1=1780730447&period2=1783322447&interval=30m&events=history&includePrePost=false,2026-07-06T07:20:47.556797+00:00
2026-06-12T05:15:00+00:00,2026-06-12T05:45:00+00:00,30,RELIANCE,RELIANCE.NS,1269.0999755859375,1270.0,1265.5999755859375,1270.0,374935,Yahoo Finance automated fallback,https://query1.finance.yahoo.com/v8/finance/chart/RELIANCE.NS?period1=1780730447&period2=1783322447&interval=30m&events=history&includePrePost=false,2026-07-06T07:20:47.556797+00:00
2026-06-12T05:45:00+00:00,2026-06-12T06:15:00+00:00,30,RELIANCE,RELIANCE.NS,1269.9000244140625,1270.800048828125,1269.0,1270.699951171875,824816,Yahoo Finance automated fallback,https://query1.finance.yahoo.com/v8/finance/chart/RELIANCE.NS?period1=1780730447&period2=1783322447&interval=30m&events=history&includePrePost=false,2026-07-06T07:20:47.556797+00:00
2026-06-12T06:15:00+00:00,2026-06-12T06:45:00+00:00,30,RELIANCE,RELIANCE.NS,1270.699951171875,1271.699951171875,1266.0999755859375,1266.5,1678207,Yahoo Finance automated fallback,https://query1.finance.yahoo.com/v8/finance/chart/RELIANCE.NS?period1=1780730447&period2=1783322447&interval=30m&events=history&includePrePost=false,2026-07-06T07:20:47.556797+00:00
2026-06-12T06:45:00+00:00,2026-06-12T07:15:00+00:00,30,RELIANCE,RELIANCE.NS,1266.5,1267.199951171875,1262.5,1263.5,491649,Yahoo Finance automated fallback,https://query1.finance.yahoo.com/v8/finance/chart/RELIANCE.NS?period1=1780730447&period2=1783322447&interval=30m&events=history&includePrePost=false,2026-07-06T07:20:47.556797+00:00
2026-06-12T07:15:00+00:00,2026-06-12T07:45:00+00:00,30,RELIANCE,RELIANCE.NS,1263.5999755859375,1265.5,1262.5,1264.0,368672,Yahoo Finance automated fallback,https://query1.finance.yahoo.com/v8/finance/chart/RELIANCE.NS?period1=1780730447&period2=1783322447&interval=30m&events=history&includePrePost=false,2026-07-06T07:20:47.556797+00:00
2026-06-12T07:45:00+00:00,2026-06-12T08:15:00+00:00,30,RELIANCE,RELIANCE.NS,1264.0,1277.5,1264.0,1276.4000244140625,1281970,Yahoo Finance automated fallback,https://query1.finance.yahoo.com/v8/finance/chart/RELIANCE.NS?period1=1780730447&period2=1783322447&interval=30m&events=history&includePrePost=false,2026-07-06T07:20:47.556797+00:00
2026-06-12T08:15:00+00:00,2026-06-12T08:45:00+00:00,30,RELIANCE,RELIANCE.NS,1276.4000244140625,1285.800048828125,1276.0,1282.699951171875,1178395,Yahoo Finance automated fallback,https://query1.finance.yahoo.com/v8/finance/chart/RELIANCE.NS?period1=1780730447&period2=1783322447&interval=30m&events=history&includePrePost=false,2026-07-06T07:20:47.556797+00:00
2026-06-12T08:45:00+00:00,2026-06-12T09:15:00+00:00,30,RELIANCE,RELIANCE.NS,1282.800048828125,1287.5,1281.5999755859375,1286.300048828125,886915,Yahoo Finance automated fallback,https://query1.finance.yahoo.com/v8/finance/chart/RELIANCE.NS?period1=1780730447&period2=1783322447&interval=30m&events=history&includePrePost=false,2026-07-06T07:20:47.556797+00:00
2026-06-12T09:15:00+00:00,2026-06-12T09:45:00+00:00,30,RELIANCE,RELIANCE.NS,1286.0,1293.300048828125,1285.5,1292.0,1571232,Yahoo Finance automated fallback,https://query1.finance.yahoo.com/v8/finance/chart/RELIANCE.NS?period1=1780730447&period2=1783322447&interval=30m&events=history&includePrePost=false,2026-07-06T07:20:47.556797+00:00
2026-06-12T09:45:00+00:00,2026-06-12T10:15:00+00:00,30,RELIANCE,RELIANCE.NS,1292.0,1296.800048828125,1290.5,1296.5,1081475,Yahoo Finance automated fallback,https://query1.finance.yahoo.com/v8/finance/chart/RELIANCE.NS?period1=1780730447&period2=1783322447&interval=30m&events=history&includePrePost=false,2026-07-06T07:20:47.556797+00:00
2026-06-15T03:45:00+00:00,2026-06-15T04:15:00+00:00,30,RELIANCE,RELIANCE.NS,1320.0,1321.0,1306.0999755859375,1320.5,3346515,Yahoo Finance automated fallback,https://query1.finance.yahoo.com/v8/finance/chart/RELIANCE.NS?period1=1780730447&period2=1783322447&interval=30m&events=history&includePrePost=false,2026-07-06T07:20:47.556797+00:00
2026-06-15T04:15:00+00:00,2026-06-15T04:45:00+00:00,30,RELIANCE,RELIANCE.NS,1320.5,1321.0,1313.0,1314.0999755859375,1309683,Yahoo Finance automated fallback,https://query1.finance.yahoo.com/v8/finance/chart/RELIANCE.NS?period1=1780730447&period2=1783322447&interval=30m&events=history&includePrePost=false,2026-07-06T07:20:47.556797+00:00
2026-06-15T04:45:00+00:00,2026-06-15T05:15:00+00:00,30,RELIANCE,RELIANCE.NS,1314.0999755859375,1318.699951171875,1312.0,1312.5,976467,Yahoo Finance automated fallback,https://query1.finance.yahoo.com/v8/finance/chart/RELIANCE.NS?period1=1780730447&period2=1783322447&interval=30m&events=history&includePrePost=false,2026-07-06T07:20:47.556797+00:00
2026-06-15T05:15:00+00:00,2026-06-15T05:45:00+00:00,30,RELIANCE,RELIANCE.NS,1312.5999755859375,1314.4000244140625,1311.699951171875,1312.9000244140625,625499,Yahoo Finance automated fallback,https://query1.finance.yahoo.com/v8/finance/chart/RELIANCE.NS?period1=1780730447&period2=1783322447&interval=30m&events=history&includePrePost=false,2026-07-06T07:20:47.556797+00:00
2026-06-15T05:45:00+00:00,2026-06-15T06:15:00+00:00,30,RELIANCE,RELIANCE.NS,1312.9000244140625,1315.0,1312.5999755859375,1314.0,627564,Yahoo Finance automated fallback,https://query1.finance.yahoo.com/v8/finance/chart/RELIANCE.NS?period1=1780730447&period2=1783322447&interval=30m&events=history&includePrePost=false,2026-07-06T07:20:47.556797+00:00
2026-06-15T06:15:00+00:00,2026-06-15T06:45:00+00:00,30,RELIANCE,RELIANCE.NS,1314.0,1314.0,1310.5999755859375,1311.0,708623,Yahoo Finance automated fallback,https://query1.finance.yahoo.com/v8/finance/chart/RELIANCE.NS?period1=1780730447&period2=1783322447&interval=30m&events=history&includePrePost=false,2026-07-06T07:20:47.556797+00:00
2026-06-15T06:45:00+00:00,2026-06-15T07:15:00+00:00,30,RELIANCE,RELIANCE.NS,1310.699951171875,1311.0,1304.0,1304.699951171875,1813382,Yahoo Finance automated fallback,https://query1.finance.yahoo.com/v8/finance/chart/RELIANCE.NS?period1=1780730447&period2=1783322447&interval=30m&events=history&includePrePost=false,2026-07-06T07:20:47.556797+00:00
2026-06-15T07:15:00+00:00,2026-06-15T07:45:00+00:00,30,RELIANCE,RELIANCE.NS,1304.9000244140625,1309.0,1304.699951171875,1306.800048828125,1079699,Yahoo Finance automated fallback,https://query1.finance.yahoo.com/v8/finance/chart/RELIANCE.NS?period1=1780730447&period2=1783322447&interval=30m&events=history&includePrePost=false,2026-07-06T07:20:47.556797+00:00
2026-06-15T07:45:00+00:00,2026-06-15T08:15:00+00:00,30,RELIANCE,RELIANCE.NS,1306.800048828125,1308.4000244140625,1304.800048828125,1306.5,757751,Yahoo Finance automated fallback,https://query1.finance.yahoo.com/v8/finance/chart/RELIANCE.NS?period1=1780730447&period2=1783322447&interval=30m&events=history&includePrePost=false,2026-07-06T07:20:47.556797+00:00
2026-06-15T08:15:00+00:00,2026-06-15T08:45:00+00:00,30,RELIANCE,RELIANCE.NS,1306.5,1309.699951171875,1305.5999755859375,1307.4000244140625,1008362,Yahoo Finance automated fallback,https://query1.finance.yahoo.com/v8/finance/chart/RELIANCE.NS?period1=1780730447&period2=1783322447&interval=30m&events=history&includePrePost=false,2026-07-06T07:20:47.556797+00:00
2026-06-15T08:45:00+00:00,2026-06-15T09:15:00+00:00,30,RELIANCE,RELIANCE.NS,1307.4000244140625,1309.5,1305.199951171875,1308.0,981641,Yahoo Finance automated fallback,https://query1.finance.yahoo.com/v8/finance/chart/RELIANCE.NS?period1=1780730447&period2=1783322447&interval=30m&events=history&includePrePost=false,2026-07-06T07:20:47.556797+00:00
2026-06-15T09:15:00+00:00,2026-06-15T09:45:00+00:00,30,RELIANCE,RELIANCE.NS,1308.199951171875,1308.5,1303.4000244140625,1306.300048828125,1314260,Yahoo Finance automated fallback,https://query1.finance.yahoo.com/v8/finance/chart/RELIANCE.NS?period1=1780730447&period2=1783322447&interval=30m&events=history&includePrePost=false,2026-07-06T07:20:47.556797+00:00
2026-06-15T09:45:00+00:00,2026-06-15T10:15:00+00:00,30,RELIANCE,RELIANCE.NS,1306.0999755859375,1309.0,1305.0,1306.5,788438,Yahoo Finance automated fallback,https://query1.finance.yahoo.com/v8/finance/chart/RELIANCE.NS?period1=1780730447&period2=1783322447&interval=30m&events=history&includePrePost=false,2026-07-06T07:20:47.556797+00:00
2026-06-16T03:45:00+00:00,2026-06-16T04:15:00+00:00,30,RELIANCE,RELIANCE.NS,1313.0,1315.300048828125,1306.5999755859375,1313.800048828125,1017672,Yahoo Finance automated fallback,https://query1.finance.yahoo.com/v8/finance/chart/RELIANCE.NS?period1=1780730447&period2=1783322447&interval=30m&events=history&includePrePost=false,2026-07-06T07:20:47.556797+00:00
2026-06-16T04:15:00+00:00,2026-06-16T04:45:00+00:00,30,RELIANCE,RELIANCE.NS,1313.9000244140625,1318.0,1313.0,1318.0,817251,Yahoo Finance automated fallback,https://query1.finance.yahoo.com/v8/finance/chart/RELIANCE.NS?period1=1780730447&period2=1783322447&interval=30m&events=history&includePrePost=false,2026-07-06T07:20:47.556797+00:00
2026-06-16T04:45:00+00:00,2026-06-16T05:15:00+00:00,30,RELIANCE,RELIANCE.NS,1318.0,1323.0,1317.4000244140625,1322.0,1050161,Yahoo Finance automated fallback,https://query1.finance.yahoo.com/v8/finance/chart/RELIANCE.NS?period1=1780730447&period2=1783322447&interval=30m&events=history&includePrePost=false,2026-07-06T07:20:47.556797+00:00
2026-06-16T05:15:00+00:00,2026-06-16T05:45:00+00:00,30,RELIANCE,RELIANCE.NS,1322.0,1332.0,1322.0,1328.699951171875,1716751,Yahoo Finance automated fallback,https://query1.finance.yahoo.com/v8/finance/chart/RELIANCE.NS?period1=1780730447&period2=1783322447&interval=30m&events=history&includePrePost=false,2026-07-06T07:20:47.556797+00:00
2026-06-16T05:45:00+00:00,2026-06-16T06:15:00+00:00,30,RELIANCE,RELIANCE.NS,1328.5,1329.699951171875,1324.5999755859375,1327.800048828125,1154955,Yahoo Finance automated fallback,https://query1.finance.yahoo.com/v8/finance/chart/RELIANCE.NS?period1=1780730447&period2=1783322447&interval=30m&events=history&includePrePost=false,2026-07-06T07:20:47.556797+00:00
2026-06-16T06:15:00+00:00,2026-06-16T06:45:00+00:00,30,RELIANCE,RELIANCE.NS,1327.699951171875,1333.4000244140625,1327.199951171875,1331.199951171875,1470947,Yahoo Finance automated fallback,https://query1.finance.yahoo.com/v8/finance/chart/RELIANCE.NS?period1=1780730447&period2=1783322447&interval=30m&events=history&includePrePost=false,2026-07-06T07:20:47.556797+00:00
2026-06-16T06:45:00+00:00,2026-06-16T07:15:00+00:00,30,RELIANCE,RELIANCE.NS,1331.0,1331.4000244140625,1326.0999755859375,1331.0,2060920,Yahoo Finance automated fallback,https://query1.finance.yahoo.com/v8/finance/chart/RELIANCE.NS?period1=1780730447&period2=1783322447&interval=30m&events=history&includePrePost=false,2026-07-06T07:20:47.556797+00:00
2026-06-16T07:15:00+00:00,2026-06-16T07:45:00+00:00,30,RELIANCE,RELIANCE.NS,1330.800048828125,1332.800048828125,1329.9000244140625,1331.9000244140625,821449,Yahoo Finance automated fallback,https://query1.finance.yahoo.com/v8/finance/chart/RELIANCE.NS?period1=1780730447&period2=1783322447&interval=30m&events=history&includePrePost=false,2026-07-06T07:20:47.556797+00:00
2026-06-16T07:45:00+00:00,2026-06-16T08:15:00+00:00,30,RELIANCE,RELIANCE.NS,1332.199951171875,1332.9000244140625,1329.9000244140625,1331.699951171875,1011662,Yahoo Finance automated fallback,https://query1.finance.yahoo.com/v8/finance/chart/RELIANCE.NS?period1=1780730447&period2=1783322447&interval=30m&events=history&includePrePost=false,2026-07-06T07:20:47.556797+00:00
2026-06-16T08:15:00+00:00,2026-06-16T08:45:00+00:00,30,RELIANCE,RELIANCE.NS,1331.699951171875,1332.5,1330.0,1331.9000244140625,624431,Yahoo Finance automated fallback,https://query1.finance.yahoo.com/v8/finance/chart/RELIANCE.NS?period1=1780730447&period2=1783322447&interval=30m&events=history&includePrePost=false,2026-07-06T07:20:47.556797+00:00
2026-06-16T08:45:00+00:00,2026-06-16T09:15:00+00:00,30,RELIANCE,RELIANCE.NS,1331.4000244140625,1332.9000244140625,1329.800048828125,1329.800048828125,1299420,Yahoo Finance automated fallback,https://query1.finance.yahoo.com/v8/finance/chart/RELIANCE.NS?period1=1780730447&period2=1783322447&interval=30m&events=history&includePrePost=false,2026-07-06T07:20:47.556797+00:00
2026-06-16T09:15:00+00:00,2026-06-16T09:45:00+00:00,30,RELIANCE,RELIANCE.NS,1329.5999755859375,1332.5,1325.5,1326.4000244140625,3716804,Yahoo Finance automated fallback,https://query1.finance.yahoo.com/v8/finance/chart/RELIANCE.NS?period1=1780730447&period2=1783322447&interval=30m&events=history&includePrePost=false,2026-07-06T07:20:47.556797+00:00
2026-06-16T09:45:00+00:00,2026-06-16T10:15:00+00:00,30,RELIANCE,RELIANCE.NS,1326.300048828125,1328.800048828125,1326.199951171875,1328.0,1117322,Yahoo Finance automated fallback,https://query1.finance.yahoo.com/v8/finance/chart/RELIANCE.NS?period1=1780730447&period2=1783322447&interval=30m&events=history&includePrePost=false,2026-07-06T07:20:47.556797+00:00
2026-06-17T03:45:00+00:00,2026-06-17T04:15:00+00:00,30,RELIANCE,RELIANCE.NS,1333.0,1333.0,1317.5,1329.5999755859375,1283668,Yahoo Finance automated fallback,https://query1.finance.yahoo.com/v8/finance/chart/RELIANCE.NS?period1=1780730447&period2=1783322447&interval=30m&events=history&includePrePost=false,2026-07-06T07:20:47.556797+00:00
2026-06-17T04:15:00+00:00,2026-06-17T04:45:00+00:00,30,RELIANCE,RELIANCE.NS,1329.5999755859375,1332.0,1329.5999755859375,1330.5,630218,Yahoo Finance automated fallback,https://query1.finance.yahoo.com/v8/finance/chart/RELIANCE.NS?period1=1780730447&period2=1783322447&interval=30m&events=history&includePrePost=false,2026-07-06T07:20:47.556797+00:00
2026-06-17T04:45:00+00:00,2026-06-17T05:15:00+00:00,30,RELIANCE,RELIANCE.NS,1330.5,1331.300048828125,1327.0,1327.800048828125,475765,Yahoo Finance automated fallback,https://query1.finance.yahoo.com/v8/finance/chart/RELIANCE.NS?period1=1780730447&period2=1783322447&interval=30m&events=history&includePrePost=false,2026-07-06T07:20:47.556797+00:00
2026-06-17T05:15:00+00:00,2026-06-17T05:45:00+00:00,30,RELIANCE,RELIANCE.NS,1327.9000244140625,1330.0,1327.300048828125,1328.5,455048,Yahoo Finance automated fallback,https://query1.finance.yahoo.com/v8/finance/chart/RELIANCE.NS?period1=1780730447&period2=1783322447&interval=30m&events=history&includePrePost=false,2026-07-06T07:20:47.556797+00:00
2026-06-17T05:45:00+00:00,2026-06-17T06:15:00+00:00,30,RELIANCE,RELIANCE.NS,1328.5,1331.800048828125,1327.4000244140625,1330.199951171875,663800,Yahoo Finance automated fallback,https://query1.finance.yahoo.com/v8/finance/chart/RELIANCE.NS?period1=1780730447&period2=1783322447&interval=30m&events=history&includePrePost=false,2026-07-06T07:20:47.556797+00:00
2026-06-17T06:15:00+00:00,2026-06-17T06:45:00+00:00,30,RELIANCE,RELIANCE.NS,1330.5,1330.5,1328.0999755859375,1329.800048828125,584127,Yahoo Finance automated fallback,https://query1.finance.yahoo.com/v8/finance/chart/RELIANCE.NS?period1=1780730447&period2=1783322447&interval=30m&events=history&includePrePost=false,2026-07-06T07:20:47.556797+00:00
2026-06-17T06:45:00+00:00,2026-06-17T07:15:00+00:00,30,RELIANCE,RELIANCE.NS,1329.800048828125,1330.0,1326.0999755859375,1329.0999755859375,559173,Yahoo Finance automated fallback,https://query1.finance.yahoo.com/v8/finance/chart/RELIANCE.NS?period1=1780730447&period2=1783322447&interval=30m&events=history&includePrePost=false,2026-07-06T07:20:47.556797+00:00
2026-06-17T07:15:00+00:00,2026-06-17T07:45:00+00:00,30,RELIANCE,RELIANCE.NS,1329.199951171875,1331.0,1326.0,1327.0,570896,Yahoo Finance automated fallback,https://query1.finance.yahoo.com/v8/finance/chart/RELIANCE.NS?period1=1780730447&period2=1783322447&interval=30m&events=history&includePrePost=false,2026-07-06T07:20:47.556797+00:00
2026-06-17T07:45:00+00:00,2026-06-17T08:15:00+00:00,30,RELIANCE,RELIANCE.NS,1327.0,1330.5999755859375,1326.699951171875,1329.699951171875,411213,Yahoo Finance automated fallback,https://query1.finance.yahoo.com/v8/finance/chart/RELIANCE.NS?period1=1780730447&period2=1783322447&interval=30m&events=history&includePrePost=false,2026-07-06T07:20:47.556797+00:00
2026-06-17T08:15:00+00:00,2026-06-17T08:45:00+00:00,30,RELIANCE,RELIANCE.NS,1329.699951171875,1330.800048828125,1327.4000244140625,1328.4000244140625,540532,Yahoo Finance automated fallback,https://query1.finance.yahoo.com/v8/finance/chart/RELIANCE.NS?period1=1780730447&period2=1783322447&interval=30m&events=history&includePrePost=false,2026-07-06T07:20:47.556797+00:00
2026-06-17T08:45:00+00:00,2026-06-17T09:15:00+00:00,30,RELIANCE,RELIANCE.NS,1328.800048828125,1330.800048828125,1327.0999755859375,1328.699951171875,938176,Yahoo Finance automated fallback,https://query1.finance.yahoo.com/v8/finance/chart/RELIANCE.NS?period1=1780730447&period2=1783322447&interval=30m&events=history&includePrePost=false,2026-07-06T07:20:47.556797+00:00
2026-06-17T09:15:00+00:00,2026-06-17T09:45:00+00:00,30,RELIANCE,RELIANCE.NS,1328.699951171875,1333.800048828125,1326.300048828125,1332.5,1477564,Yahoo Finance automated fallback,https://query1.finance.yahoo.com/v8/finance/chart/RELIANCE.NS?period1=1780730447&period2=1783322447&interval=30m&events=history&includePrePost=false,2026-07-06T07:20:47.556797+00:00
2026-06-17T09:45:00+00:00,2026-06-17T10:15:00+00:00,30,RELIANCE,RELIANCE.NS,1332.4000244140625,1333.0999755859375,1331.9000244140625,1332.0999755859375,637216,Yahoo Finance automated fallback,https://query1.finance.yahoo.com/v8/finance/chart/RELIANCE.NS?period1=1780730447&period2=1783322447&interval=30m&events=history&includePrePost=false,2026-07-06T07:20:47.556797+00:00
2026-06-18T03:45:00+00:00,2026-06-18T04:15:00+00:00,30,RELIANCE,RELIANCE.NS,1330.800048828125,1333.5,1324.0,1327.5999755859375,787201,Yahoo Finance automated fallback,https://query1.finance.yahoo.com/v8/finance/chart/RELIANCE.NS?period1=1780730447&period2=1783322447&interval=30m&events=history&includePrePost=false,2026-07-06T07:20:47.556797+00:00
2026-06-18T04:15:00+00:00,2026-06-18T04:45:00+00:00,30,RELIANCE,RELIANCE.NS,1327.5,1331.0,1327.199951171875,1329.699951171875,627683,Yahoo Finance automated fallback,https://query1.finance.yahoo.com/v8/finance/chart/RELIANCE.NS?period1=1780730447&period2=1783322447&interval=30m&events=history&includePrePost=false,2026-07-06T07:20:47.556797+00:00
2026-06-18T04:45:00+00:00,2026-06-18T05:15:00+00:00,30,RELIANCE,RELIANCE.NS,1329.800048828125,1330.5999755859375,1327.0,1328.0,769365,Yahoo Finance automated fallback,https://query1.finance.yahoo.com/v8/finance/chart/RELIANCE.NS?period1=1780730447&period2=1783322447&interval=30m&events=history&includePrePost=false,2026-07-06T07:20:47.556797+00:00
2026-06-18T05:15:00+00:00,2026-06-18T05:45:00+00:00,30,RELIANCE,RELIANCE.NS,1328.199951171875,1329.0,1326.0,1326.300048828125,928483,Yahoo Finance automated fallback,https://query1.finance.yahoo.com/v8/finance/chart/RELIANCE.NS?period1=1780730447&period2=1783322447&interval=30m&events=history&includePrePost=false,2026-07-06T07:20:47.556797+00:00
2026-06-18T05:45:00+00:00,2026-06-18T06:15:00+00:00,30,RELIANCE,RELIANCE.NS,1326.5,1327.4000244140625,1324.0,1327.199951171875,643313,Yahoo Finance automated fallback,https://query1.finance.yahoo.com/v8/finance/chart/RELIANCE.NS?period1=1780730447&period2=1783322447&interval=30m&events=history&includePrePost=false,2026-07-06T07:20:47.556797+00:00
2026-06-18T06:15:00+00:00,2026-06-18T06:45:00+00:00,30,RELIANCE,RELIANCE.NS,1327.199951171875,1328.4000244140625,1324.300048828125,1325.199951171875,984896,Yahoo Finance automated fallback,https://query1.finance.yahoo.com/v8/finance/chart/RELIANCE.NS?period1=1780730447&period2=1783322447&interval=30m&events=history&includePrePost=false,2026-07-06T07:20:47.556797+00:00
2026-06-18T06:45:00+00:00,2026-06-18T07:15:00+00:00,30,RELIANCE,RELIANCE.NS,1325.199951171875,1330.5999755859375,1322.5999755859375,1330.5,886757,Yahoo Finance automated fallback,https://query1.finance.yahoo.com/v8/finance/chart/RELIANCE.NS?period1=1780730447&period2=1783322447&interval=30m&events=history&includePrePost=false,2026-07-06T07:20:47.556797+00:00
2026-06-18T07:15:00+00:00,2026-06-18T07:45:00+00:00,30,RELIANCE,RELIANCE.NS,1330.699951171875,1331.5,1329.199951171875,1330.9000244140625,526218,Yahoo Finance automated fallback,https://query1.finance.yahoo.com/v8/finance/chart/RELIANCE.NS?period1=1780730447&period2=1783322447&interval=30m&events=history&includePrePost=false,2026-07-06T07:20:47.556797+00:00
2026-06-18T07:45:00+00:00,2026-06-18T08:15:00+00:00,30,RELIANCE,RELIANCE.NS,1331.0,1333.0,1327.5999755859375,1330.0999755859375,1892862,Yahoo Finance automated fallback,https://query1.finance.yahoo.com/v8/finance/chart/RELIANCE.NS?period1=1780730447&period2=1783322447&interval=30m&events=history&includePrePost=false,2026-07-06T07:20:47.556797+00:00
2026-06-18T08:15:00+00:00,2026-06-18T08:45:00+00:00,30,RELIANCE,RELIANCE.NS,1330.0,1330.0999755859375,1326.0,1326.5,972803,Yahoo Finance automated fallback,https://query1.finance.yahoo.com/v8/finance/chart/RELIANCE.NS?period1=1780730447&period2=1783322447&interval=30m&events=history&includePrePost=false,2026-07-06T07:20:47.556797+00:00
2026-06-18T08:45:00+00:00,2026-06-18T09:15:00+00:00,30,RELIANCE,RELIANCE.NS,1326.5,1326.800048828125,1322.0,1323.199951171875,1035737,Yahoo Finance automated fallback,https://query1.finance.yahoo.com/v8/finance/chart/RELIANCE.NS?period1=1780730447&period2=1783322447&interval=30m&events=history&includePrePost=false,2026-07-06T07:20:47.556797+00:00
2026-06-18T09:15:00+00:00,2026-06-18T09:45:00+00:00,30,RELIANCE,RELIANCE.NS,1323.0,1330.300048828125,1322.0,1329.800048828125,3245016,Yahoo Finance automated fallback,https://query1.finance.yahoo.com/v8/finance/chart/RELIANCE.NS?period1=1780730447&period2=1783322447&interval=30m&events=history&includePrePost=false,2026-07-06T07:20:47.556797+00:00
2026-06-18T09:45:00+00:00,2026-06-18T10:15:00+00:00,30,RELIANCE,RELIANCE.NS,1329.800048828125,1332.5,1329.4000244140625,1331.0,1646249,Yahoo Finance automated fallback,https://query1.finance.yahoo.com/v8/finance/chart/RELIANCE.NS?period1=1780730447&period2=1783322447&interval=30m&events=history&includePrePost=false,2026-07-06T07:20:47.556797+00:00
2026-06-19T03:45:00+00:00,2026-06-19T04:15:00+00:00,30,RELIANCE,RELIANCE.NS,1328.9000244140625,1335.800048828125,1325.0,1334.0,753861,Yahoo Finance automated fallback,https://query1.finance.yahoo.com/v8/finance/chart/RELIANCE.NS?period1=1780730447&period2=1783322447&interval=30m&events=history&includePrePost=false,2026-07-06T07:20:47.556797+00:00
2026-06-19T04:15:00+00:00,2026-06-19T04:45:00+00:00,30,RELIANCE,RELIANCE.NS,1334.300048828125,1338.199951171875,1332.300048828125,1338.0999755859375,878765,Yahoo Finance automated fallback,https://query1.finance.yahoo.com/v8/finance/chart/RELIANCE.NS?period1=1780730447&period2=1783322447&interval=30m&events=history&includePrePost=false,2026-07-06T07:20:47.556797+00:00
2026-06-19T04:45:00+00:00,2026-06-19T05:15:00+00:00,30,RELIANCE,RELIANCE.NS,1337.5999755859375,1338.0,1327.0,1329.699951171875,895445,Yahoo Finance automated fallback,https://query1.finance.yahoo.com/v8/finance/chart/RELIANCE.NS?period1=1780730447&period2=1783322447&interval=30m&events=history&includePrePost=false,2026-07-06T07:20:47.556797+00:00
2026-06-19T05:15:00+00:00,2026-06-19T05:45:00+00:00,30,RELIANCE,RELIANCE.NS,1330.0,1331.5,1322.0999755859375,1325.699951171875,882367,Yahoo Finance automated fallback,https://query1.finance.yahoo.com/v8/finance/chart/RELIANCE.NS?period1=1780730447&period2=1783322447&interval=30m&events=history&includePrePost=false,2026-07-06T07:20:47.556797+00:00
2026-06-19T05:45:00+00:00,2026-06-19T06:15:00+00:00,30,RELIANCE,RELIANCE.NS,1325.800048828125,1326.5,1324.0,1326.4000244140625,400694,Yahoo Finance automated fallback,https://query1.finance.yahoo.com/v8/finance/chart/RELIANCE.NS?period1=1780730447&period2=1783322447&interval=30m&events=history&includePrePost=false,2026-07-06T07:20:47.556797+00:00
2026-06-19T06:15:00+00:00,2026-06-19T06:45:00+00:00,30,RELIANCE,RELIANCE.NS,1326.5,1328.4000244140625,1325.0999755859375,1326.4000244140625,340732,Yahoo Finance automated fallback,https://query1.finance.yahoo.com/v8/finance/chart/RELIANCE.NS?period1=1780730447&period2=1783322447&interval=30m&events=history&includePrePost=false,2026-07-06T07:20:47.556797+00:00
2026-06-19T06:45:00+00:00,2026-06-19T07:15:00+00:00,30,RELIANCE,RELIANCE.NS,1326.199951171875,1329.300048828125,1326.0999755859375,1327.199951171875,304812,Yahoo Finance automated fallback,https://query1.finance.yahoo.com/v8/finance/chart/RELIANCE.NS?period1=1780730447&period2=1783322447&interval=30m&events=history&includePrePost=false,2026-07-06T07:20:47.556797+00:00
2026-06-19T07:15:00+00:00,2026-06-19T07:45:00+00:00,30,RELIANCE,RELIANCE.NS,1327.4000244140625,1330.5,1323.9000244140625,1325.199951171875,587598,Yahoo Finance automated fallback,https://query1.finance.yahoo.com/v8/finance/chart/RELIANCE.NS?period1=1780730447&period2=1783322447&interval=30m&events=history&includePrePost=false,2026-07-06T07:20:47.556797+00:00
2026-06-19T07:45:00+00:00,2026-06-19T08:15:00+00:00,30,RELIANCE,RELIANCE.NS,1325.5,1330.0,1324.5,1329.5,446062,Yahoo Finance automated fallback,https://query1.finance.yahoo.com/v8/finance/chart/RELIANCE.NS?period1=1780730447&period2=1783322447&interval=30m&events=history&includePrePost=false,2026-07-06T07:20:47.556797+00:00
2026-06-19T08:15:00+00:00,2026-06-19T08:45:00+00:00,30,RELIANCE,RELIANCE.NS,1329.5,1332.9000244140625,1325.5,1332.199951171875,1512963,Yahoo Finance automated fallback,https://query1.finance.yahoo.com/v8/finance/chart/RELIANCE.NS?period1=1780730447&period2=1783322447&interval=30m&events=history&includePrePost=false,2026-07-06T07:20:47.556797+00:00
2026-06-19T08:45:00+00:00,2026-06-19T09:15:00+00:00,30,RELIANCE,RELIANCE.NS,1332.4000244140625,1335.699951171875,1306.199951171875,1316.699951171875,4816765,Yahoo Finance automated fallback,https://query1.finance.yahoo.com/v8/finance/chart/RELIANCE.NS?period1=1780730447&period2=1783322447&interval=30m&events=history&includePrePost=false,2026-07-06T07:20:47.556797+00:00
2026-06-19T09:15:00+00:00,2026-06-19T09:45:00+00:00,30,RELIANCE,RELIANCE.NS,1316.5999755859375,1319.0,1305.5999755859375,1309.9000244140625,7012297,Yahoo Finance automated fallback,https://query1.finance.yahoo.com/v8/finance/chart/RELIANCE.NS?period1=1780730447&period2=1783322447&interval=30m&events=history&includePrePost=false,2026-07-06T07:20:47.556797+00:00
2026-06-19T09:45:00+00:00,2026-06-19T10:15:00+00:00,30,RELIANCE,RELIANCE.NS,1309.9000244140625,1311.9000244140625,1308.0,1311.5999755859375,5291127,Yahoo Finance automated fallback,https://query1.finance.yahoo.com/v8/finance/chart/RELIANCE.NS?period1=1780730447&period2=1783322447&interval=30m&events=history&includePrePost=false,2026-07-06T07:20:47.556797+00:00
2026-06-22T03:45:00+00:00,2026-06-22T04:15:00+00:00,30,RELIANCE,RELIANCE.NS,1316.199951171875,1344.800048828125,1315.0,1337.300048828125,2931175,Yahoo Finance automated fallback,https://query1.finance.yahoo.com/v8/finance/chart/RELIANCE.NS?period1=1780730447&period2=1783322447&interval=30m&events=history&includePrePost=false,2026-07-06T07:20:47.556797+00:00
2026-06-22T04:15:00+00:00,2026-06-22T04:45:00+00:00,30,RELIANCE,RELIANCE.NS,1337.9000244140625,1343.0,1334.4000244140625,1341.699951171875,1691582,Yahoo Finance automated fallback,https://query1.finance.yahoo.com/v8/finance/chart/RELIANCE.NS?period1=1780730447&period2=1783322447&interval=30m&events=history&includePrePost=false,2026-07-06T07:20:47.556797+00:00
2026-06-22T04:45:00+00:00,2026-06-22T05:15:00+00:00,30,RELIANCE,RELIANCE.NS,1341.699951171875,1342.300048828125,1335.0999755859375,1336.300048828125,714329,Yahoo Finance automated fallback,https://query1.finance.yahoo.com/v8/finance/chart/RELIANCE.NS?period1=1780730447&period2=1783322447&interval=30m&events=history&includePrePost=false,2026-07-06T07:20:47.556797+00:00
2026-06-22T05:15:00+00:00,2026-06-22T05:45:00+00:00,30,RELIANCE,RELIANCE.NS,1335.800048828125,1341.699951171875,1335.699951171875,1338.9000244140625,613828,Yahoo Finance automated fallback,https://query1.finance.yahoo.com/v8/finance/chart/RELIANCE.NS?period1=1780730447&period2=1783322447&interval=30m&events=history&includePrePost=false,2026-07-06T07:20:47.556797+00:00
2026-06-22T05:45:00+00:00,2026-06-22T06:15:00+00:00,30,RELIANCE,RELIANCE.NS,1338.9000244140625,1338.9000244140625,1336.0,1337.4000244140625,483556,Yahoo Finance automated fallback,https://query1.finance.yahoo.com/v8/finance/chart/RELIANCE.NS?period1=1780730447&period2=1783322447&interval=30m&events=history&includePrePost=false,2026-07-06T07:20:47.556797+00:00
2026-06-22T06:15:00+00:00,2026-06-22T06:45:00+00:00,30,RELIANCE,RELIANCE.NS,1337.5,1337.5,1331.9000244140625,1331.9000244140625,801483,Yahoo Finance automated fallback,https://query1.finance.yahoo.com/v8/finance/chart/RELIANCE.NS?period1=1780730447&period2=1783322447&interval=30m&events=history&includePrePost=false,2026-07-06T07:20:47.556797+00:00
2026-06-22T06:45:00+00:00,2026-06-22T07:15:00+00:00,30,RELIANCE,RELIANCE.NS,1331.9000244140625,1332.4000244140625,1327.4000244140625,1328.699951171875,677320,Yahoo Finance automated fallback,https://query1.finance.yahoo.com/v8/finance/chart/RELIANCE.NS?period1=1780730447&period2=1783322447&interval=30m&events=history&includePrePost=false,2026-07-06T07:20:47.556797+00:00
2026-06-22T07:15:00+00:00,2026-06-22T07:45:00+00:00,30,RELIANCE,RELIANCE.NS,1328.699951171875,1330.0,1327.5,1329.5,541462,Yahoo Finance automated fallback,https://query1.finance.yahoo.com/v8/finance/chart/RELIANCE.NS?period1=1780730447&period2=1783322447&interval=30m&events=history&includePrePost=false,2026-07-06T07:20:47.556797+00:00
2026-06-22T07:45:00+00:00,2026-06-22T08:15:00+00:00,30,RELIANCE,RELIANCE.NS,1329.5,1333.4000244140625,1329.4000244140625,1332.300048828125,570956,Yahoo Finance automated fallback,https://query1.finance.yahoo.com/v8/finance/chart/RELIANCE.NS?period1=1780730447&period2=1783322447&interval=30m&events=history&includePrePost=false,2026-07-06T07:20:47.556797+00:00
2026-06-22T08:15:00+00:00,2026-06-22T08:45:00+00:00,30,RELIANCE,RELIANCE.NS,1332.300048828125,1332.5999755859375,1330.0,1330.0999755859375,322402,Yahoo Finance automated fallback,https://query1.finance.yahoo.com/v8/finance/chart/RELIANCE.NS?period1=1780730447&period2=1783322447&interval=30m&events=history&includePrePost=false,2026-07-06T07:20:47.556797+00:00
2026-06-22T08:45:00+00:00,2026-06-22T09:15:00+00:00,30,RELIANCE,RELIANCE.NS,1330.0999755859375,1333.0,1329.800048828125,1330.699951171875,456370,Yahoo Finance automated fallback,https://query1.finance.yahoo.com/v8/finance/chart/RELIANCE.NS?period1=1780730447&period2=1783322447&interval=30m&events=history&includePrePost=false,2026-07-06T07:20:47.556797+00:00
2026-06-22T09:15:00+00:00,2026-06-22T09:45:00+00:00,30,RELIANCE,RELIANCE.NS,1330.699951171875,1331.300048828125,1326.0999755859375,1327.199951171875,1036021,Yahoo Finance automated fallback,https://query1.finance.yahoo.com/v8/finance/chart/RELIANCE.NS?period1=1780730447&period2=1783322447&interval=30m&events=history&includePrePost=false,2026-07-06T07:20:47.556797+00:00
2026-06-22T09:45:00+00:00,2026-06-22T10:15:00+00:00,30,RELIANCE,RELIANCE.NS,1327.300048828125,1328.300048828125,1323.0999755859375,1324.9000244140625,1207985,Yahoo Finance automated fallback,https://query1.finance.yahoo.com/v8/finance/chart/RELIANCE.NS?period1=1780730447&period2=1783322447&interval=30m&events=history&includePrePost=false,2026-07-06T07:20:47.556797+00:00
2026-06-23T03:45:00+00:00,2026-06-23T04:15:00+00:00,30,RELIANCE,RELIANCE.NS,1328.199951171875,1333.0,1324.0,1328.0,1105043,Yahoo Finance automated fallback,https://query1.finance.yahoo.com/v8/finance/chart/RELIANCE.NS?period1=1780730447&period2=1783322447&interval=30m&events=history&includePrePost=false,2026-07-06T07:20:47.556797+00:00
2026-06-23T04:15:00+00:00,2026-06-23T04:45:00+00:00,30,RELIANCE,RELIANCE.NS,1328.0,1329.5999755859375,1326.0999755859375,1328.5,650316,Yahoo Finance automated fallback,https://query1.finance.yahoo.com/v8/finance/chart/RELIANCE.NS?period1=1780730447&period2=1783322447&interval=30m&events=history&includePrePost=false,2026-07-06T07:20:47.556797+00:00
2026-06-23T04:45:00+00:00,2026-06-23T05:15:00+00:00,30,RELIANCE,RELIANCE.NS,1328.5,1329.199951171875,1326.5,1327.9000244140625,500441,Yahoo Finance automated fallback,https://query1.finance.yahoo.com/v8/finance/chart/RELIANCE.NS?period1=1780730447&period2=1783322447&interval=30m&events=history&includePrePost=false,2026-07-06T07:20:47.556797+00:00
2026-06-23T05:15:00+00:00,2026-06-23T05:45:00+00:00,30,RELIANCE,RELIANCE.NS,1328.0,1329.199951171875,1325.300048828125,1326.699951171875,657870,Yahoo Finance automated fallback,https://query1.finance.yahoo.com/v8/finance/chart/RELIANCE.NS?period1=1780730447&period2=1783322447&interval=30m&events=history&includePrePost=false,2026-07-06T07:20:47.556797+00:00
2026-06-23T05:45:00+00:00,2026-06-23T06:15:00+00:00,30,RELIANCE,RELIANCE.NS,1326.5,1329.300048828125,1325.699951171875,1328.0,655805,Yahoo Finance automated fallback,https://query1.finance.yahoo.com/v8/finance/chart/RELIANCE.NS?period1=1780730447&period2=1783322447&interval=30m&events=history&includePrePost=false,2026-07-06T07:20:47.556797+00:00
2026-06-23T06:15:00+00:00,2026-06-23T06:45:00+00:00,30,RELIANCE,RELIANCE.NS,1327.800048828125,1327.9000244140625,1321.5,1323.0999755859375,826348,Yahoo Finance automated fallback,https://query1.finance.yahoo.com/v8/finance/chart/RELIANCE.NS?period1=1780730447&period2=1783322447&interval=30m&events=history&includePrePost=false,2026-07-06T07:20:47.556797+00:00
2026-06-23T06:45:00+00:00,2026-06-23T07:15:00+00:00,30,RELIANCE,RELIANCE.NS,1323.300048828125,1323.5,1319.0,1320.4000244140625,694768,Yahoo Finance automated fallback,https://query1.finance.yahoo.com/v8/finance/chart/RELIANCE.NS?period1=1780730447&period2=1783322447&interval=30m&events=history&includePrePost=false,2026-07-06T07:20:47.556797+00:00
2026-06-23T07:15:00+00:00,2026-06-23T07:45:00+00:00,30,RELIANCE,RELIANCE.NS,1320.300048828125,1320.699951171875,1319.300048828125,1320.300048828125,640118,Yahoo Finance automated fallback,https://query1.finance.yahoo.com/v8/finance/chart/RELIANCE.NS?period1=1780730447&period2=1783322447&interval=30m&events=history&includePrePost=false,2026-07-06T07:20:47.556797+00:00
2026-06-23T07:45:00+00:00,2026-06-23T08:15:00+00:00,30,RELIANCE,RELIANCE.NS,1320.4000244140625,1320.5999755859375,1316.0999755859375,1317.0,1049042,Yahoo Finance automated fallback,https://query1.finance.yahoo.com/v8/finance/chart/RELIANCE.NS?period1=1780730447&period2=1783322447&interval=30m&events=history&includePrePost=false,2026-07-06T07:20:47.556797+00:00
2026-06-23T08:15:00+00:00,2026-06-23T08:45:00+00:00,30,RELIANCE,RELIANCE.NS,1317.0,1317.0,1314.0,1316.5999755859375,1200468,Yahoo Finance automated fallback,https://query1.finance.yahoo.com/v8/finance/chart/RELIANCE.NS?period1=1780730447&period2=1783322447&interval=30m&events=history&includePrePost=false,2026-07-06T07:20:47.556797+00:00
2026-06-23T08:45:00+00:00,2026-06-23T09:15:00+00:00,30,RELIANCE,RELIANCE.NS,1316.5999755859375,1316.9000244140625,1315.0,1315.199951171875,1038071,Yahoo Finance automated fallback,https://query1.finance.yahoo.com/v8/finance/chart/RELIANCE.NS?period1=1780730447&period2=1783322447&interval=30m&events=history&includePrePost=false,2026-07-06T07:20:47.556797+00:00
2026-06-23T09:15:00+00:00,2026-06-23T09:45:00+00:00,30,RELIANCE,RELIANCE.NS,1315.4000244140625,1315.800048828125,1309.5999755859375,1310.300048828125,3074056,Yahoo Finance automated fallback,https://query1.finance.yahoo.com/v8/finance/chart/RELIANCE.NS?period1=1780730447&period2=1783322447&interval=30m&events=history&includePrePost=false,2026-07-06T07:20:47.556797+00:00
2026-06-23T09:45:00+00:00,2026-06-23T10:15:00+00:00,30,RELIANCE,RELIANCE.NS,1310.300048828125,1310.300048828125,1304.0,1306.0,2560777,Yahoo Finance automated fallback,https://query1.finance.yahoo.com/v8/finance/chart/RELIANCE.NS?period1=1780730447&period2=1783322447&interval=30m&events=history&includePrePost=false,2026-07-06T07:20:47.556797+00:00
2026-06-24T03:45:00+00:00,2026-06-24T04:15:00+00:00,30,RELIANCE,RELIANCE.NS,1306.4000244140625,1308.199951171875,1301.0999755859375,1301.0999755859375,836556,Yahoo Finance automated fallback,https://query1.finance.yahoo.com/v8/finance/chart/RELIANCE.NS?period1=1780730447&period2=1783322447&interval=30m&events=history&includePrePost=false,2026-07-06T07:20:47.556797+00:00
2026-06-24T04:15:00+00:00,2026-06-24T04:45:00+00:00,30,RELIANCE,RELIANCE.NS,1301.199951171875,1311.699951171875,1297.5,1309.9000244140625,1434754,Yahoo Finance automated fallback,https://query1.finance.yahoo.com/v8/finance/chart/RELIANCE.NS?period1=1780730447&period2=1783322447&interval=30m&events=history&includePrePost=false,2026-07-06T07:20:47.556797+00:00
2026-06-24T04:45:00+00:00,2026-06-24T05:15:00+00:00,30,RELIANCE,RELIANCE.NS,1310.0999755859375,1314.300048828125,1309.0999755859375,1310.0,478103,Yahoo Finance automated fallback,https://query1.finance.yahoo.com/v8/finance/chart/RELIANCE.NS?period1=1780730447&period2=1783322447&interval=30m&events=history&includePrePost=false,2026-07-06T07:20:47.556797+00:00
2026-06-24T05:15:00+00:00,2026-06-24T05:45:00+00:00,30,RELIANCE,RELIANCE.NS,1310.0999755859375,1314.800048828125,1310.0,1313.5,468720,Yahoo Finance automated fallback,https://query1.finance.yahoo.com/v8/finance/chart/RELIANCE.NS?period1=1780730447&period2=1783322447&interval=30m&events=history&includePrePost=false,2026-07-06T07:20:47.556797+00:00
2026-06-24T05:45:00+00:00,2026-06-24T06:15:00+00:00,30,RELIANCE,RELIANCE.NS,1313.300048828125,1314.0,1309.800048828125,1311.800048828125,644840,Yahoo Finance automated fallback,https://query1.finance.yahoo.com/v8/finance/chart/RELIANCE.NS?period1=1780730447&period2=1783322447&interval=30m&events=history&includePrePost=false,2026-07-06T07:20:47.556797+00:00
2026-06-24T06:15:00+00:00,2026-06-24T06:45:00+00:00,30,RELIANCE,RELIANCE.NS,1312.0,1314.0,1310.0,1310.5,536295,Yahoo Finance automated fallback,https://query1.finance.yahoo.com/v8/finance/chart/RELIANCE.NS?period1=1780730447&period2=1783322447&interval=30m&events=history&includePrePost=false,2026-07-06T07:20:47.556797+00:00
2026-06-24T06:45:00+00:00,2026-06-24T07:15:00+00:00,30,RELIANCE,RELIANCE.NS,1310.5,1313.0999755859375,1310.4000244140625,1312.9000244140625,440521,Yahoo Finance automated fallback,https://query1.finance.yahoo.com/v8/finance/chart/RELIANCE.NS?period1=1780730447&period2=1783322447&interval=30m&events=history&includePrePost=false,2026-07-06T07:20:47.556797+00:00
2026-06-24T07:15:00+00:00,2026-06-24T07:45:00+00:00,30,RELIANCE,RELIANCE.NS,1312.9000244140625,1319.300048828125,1312.0,1319.300048828125,886340,Yahoo Finance automated fallback,https://query1.finance.yahoo.com/v8/finance/chart/RELIANCE.NS?period1=1780730447&period2=1783322447&interval=30m&events=history&includePrePost=false,2026-07-06T07:20:47.556797+00:00
2026-06-24T07:45:00+00:00,2026-06-24T08:15:00+00:00,30,RELIANCE,RELIANCE.NS,1319.300048828125,1320.4000244140625,1317.199951171875,1319.800048828125,619581,Yahoo Finance automated fallback,https://query1.finance.yahoo.com/v8/finance/chart/RELIANCE.NS?period1=1780730447&period2=1783322447&interval=30m&events=history&includePrePost=false,2026-07-06T07:20:47.556797+00:00
2026-06-24T08:15:00+00:00,2026-06-24T08:45:00+00:00,30,RELIANCE,RELIANCE.NS,1319.9000244140625,1321.9000244140625,1316.699951171875,1320.4000244140625,913009,Yahoo Finance automated fallback,https://query1.finance.yahoo.com/v8/finance/chart/RELIANCE.NS?period1=1780730447&period2=1783322447&interval=30m&events=history&includePrePost=false,2026-07-06T07:20:47.556797+00:00
2026-06-24T08:45:00+00:00,2026-06-24T09:15:00+00:00,30,RELIANCE,RELIANCE.NS,1319.9000244140625,1320.800048828125,1318.0,1320.0,682375,Yahoo Finance automated fallback,https://query1.finance.yahoo.com/v8/finance/chart/RELIANCE.NS?period1=1780730447&period2=1783322447&interval=30m&events=history&includePrePost=false,2026-07-06T07:20:47.556797+00:00
2026-06-24T09:15:00+00:00,2026-06-24T09:45:00+00:00,30,RELIANCE,RELIANCE.NS,1320.0,1320.4000244140625,1311.0999755859375,1311.699951171875,1666492,Yahoo Finance automated fallback,https://query1.finance.yahoo.com/v8/finance/chart/RELIANCE.NS?period1=1780730447&period2=1783322447&interval=30m&events=history&includePrePost=false,2026-07-06T07:20:47.556797+00:00
2026-06-24T09:45:00+00:00,2026-06-24T10:15:00+00:00,30,RELIANCE,RELIANCE.NS,1311.699951171875,1315.300048828125,1311.699951171875,1313.4000244140625,790520,Yahoo Finance automated fallback,https://query1.finance.yahoo.com/v8/finance/chart/RELIANCE.NS?period1=1780730447&period2=1783322447&interval=30m&events=history&includePrePost=false,2026-07-06T07:20:47.556797+00:00
2026-06-25T03:45:00+00:00,2026-06-25T04:15:00+00:00,30,RELIANCE,RELIANCE.NS,1318.0,1323.9000244140625,1317.699951171875,1321.5,771046,Yahoo Finance automated fallback,https://query1.finance.yahoo.com/v8/finance/chart/RELIANCE.NS?period1=1780730447&period2=1783322447&interval=30m&events=history&includePrePost=false,2026-07-06T07:20:47.556797+00:00
2026-06-25T04:15:00+00:00,2026-06-25T04:45:00+00:00,30,RELIANCE,RELIANCE.NS,1321.5,1327.699951171875,1321.300048828125,1326.5999755859375,1030507,Yahoo Finance automated fallback,https://query1.finance.yahoo.com/v8/finance/chart/RELIANCE.NS?period1=1780730447&period2=1783322447&interval=30m&events=history&includePrePost=false,2026-07-06T07:20:47.556797+00:00
2026-06-25T04:45:00+00:00,2026-06-25T05:15:00+00:00,30,RELIANCE,RELIANCE.NS,1326.9000244140625,1327.9000244140625,1323.699951171875,1325.5,899158,Yahoo Finance automated fallback,https://query1.finance.yahoo.com/v8/finance/chart/RELIANCE.NS?period1=1780730447&period2=1783322447&interval=30m&events=history&includePrePost=false,2026-07-06T07:20:47.556797+00:00
2026-06-25T05:15:00+00:00,2026-06-25T05:45:00+00:00,30,RELIANCE,RELIANCE.NS,1325.0,1326.800048828125,1324.0999755859375,1324.699951171875,524607,Yahoo Finance automated fallback,https://query1.finance.yahoo.com/v8/finance/chart/RELIANCE.NS?period1=1780730447&period2=1783322447&interval=30m&events=history&includePrePost=false,2026-07-06T07:20:47.556797+00:00
2026-06-25T05:45:00+00:00,2026-06-25T06:15:00+00:00,30,RELIANCE,RELIANCE.NS,1324.5999755859375,1325.5999755859375,1320.0,1321.0,632884,Yahoo Finance automated fallback,https://query1.finance.yahoo.com/v8/finance/chart/RELIANCE.NS?period1=1780730447&period2=1783322447&interval=30m&events=history&includePrePost=false,2026-07-06T07:20:47.556797+00:00
2026-06-25T06:15:00+00:00,2026-06-25T06:45:00+00:00,30,RELIANCE,RELIANCE.NS,1321.0,1324.4000244140625,1320.0,1322.0,467656,Yahoo Finance automated fallback,https://query1.finance.yahoo.com/v8/finance/chart/RELIANCE.NS?period1=1780730447&period2=1783322447&interval=30m&events=history&includePrePost=false,2026-07-06T07:20:47.556797+00:00
2026-06-25T06:45:00+00:00,2026-06-25T07:15:00+00:00,30,RELIANCE,RELIANCE.NS,1322.0,1322.5999755859375,1316.5,1320.0999755859375,687313,Yahoo Finance automated fallback,https://query1.finance.yahoo.com/v8/finance/chart/RELIANCE.NS?period1=1780730447&period2=1783322447&interval=30m&events=history&includePrePost=false,2026-07-06T07:20:47.556797+00:00
2026-06-25T07:15:00+00:00,2026-06-25T07:45:00+00:00,30,RELIANCE,RELIANCE.NS,1320.199951171875,1323.4000244140625,1320.0,1320.4000244140625,461692,Yahoo Finance automated fallback,https://query1.finance.yahoo.com/v8/finance/chart/RELIANCE.NS?period1=1780730447&period2=1783322447&interval=30m&events=history&includePrePost=false,2026-07-06T07:20:47.556797+00:00
2026-06-25T07:45:00+00:00,2026-06-25T08:15:00+00:00,30,RELIANCE,RELIANCE.NS,1320.4000244140625,1322.699951171875,1320.0,1322.0999755859375,464360,Yahoo Finance automated fallback,https://query1.finance.yahoo.com/v8/finance/chart/RELIANCE.NS?period1=1780730447&period2=1783322447&interval=30m&events=history&includePrePost=false,2026-07-06T07:20:47.556797+00:00
2026-06-25T08:15:00+00:00,2026-06-25T08:45:00+00:00,30,RELIANCE,RELIANCE.NS,1322.300048828125,1322.800048828125,1319.0,1320.0,656583,Yahoo Finance automated fallback,https://query1.finance.yahoo.com/v8/finance/chart/RELIANCE.NS?period1=1780730447&period2=1783322447&interval=30m&events=history&includePrePost=false,2026-07-06T07:20:47.556797+00:00
2026-06-25T08:45:00+00:00,2026-06-25T09:15:00+00:00,30,RELIANCE,RELIANCE.NS,1319.9000244140625,1320.9000244140625,1315.0,1315.5,1335953,Yahoo Finance automated fallback,https://query1.finance.yahoo.com/v8/finance/chart/RELIANCE.NS?period1=1780730447&period2=1783322447&interval=30m&events=history&includePrePost=false,2026-07-06T07:20:47.556797+00:00
2026-06-25T09:15:00+00:00,2026-06-25T09:45:00+00:00,30,RELIANCE,RELIANCE.NS,1315.5,1320.9000244140625,1315.199951171875,1319.0,3057512,Yahoo Finance automated fallback,https://query1.finance.yahoo.com/v8/finance/chart/RELIANCE.NS?period1=1780730447&period2=1783322447&interval=30m&events=history&includePrePost=false,2026-07-06T07:20:47.556797+00:00
2026-06-25T09:45:00+00:00,2026-06-25T10:15:00+00:00,30,RELIANCE,RELIANCE.NS,1319.0,1319.0999755859375,1314.5999755859375,1318.0999755859375,1373067,Yahoo Finance automated fallback,https://query1.finance.yahoo.com/v8/finance/chart/RELIANCE.NS?period1=1780730447&period2=1783322447&interval=30m&events=history&includePrePost=false,2026-07-06T07:20:47.556797+00:00
2026-06-29T03:45:00+00:00,2026-06-29T04:15:00+00:00,30,RELIANCE,RELIANCE.NS,1310.0999755859375,1313.5,1305.0999755859375,1310.0,848442,Yahoo Finance automated fallback,https://query1.finance.yahoo.com/v8/finance/chart/RELIANCE.NS?period1=1780730447&period2=1783322447&interval=30m&events=history&includePrePost=false,2026-07-06T07:20:47.556797+00:00
2026-06-29T04:15:00+00:00,2026-06-29T04:45:00+00:00,30,RELIANCE,RELIANCE.NS,1310.0,1311.0,1309.0999755859375,1310.4000244140625,430059,Yahoo Finance automated fallback,https://query1.finance.yahoo.com/v8/finance/chart/RELIANCE.NS?period1=1780730447&period2=1783322447&interval=30m&events=history&includePrePost=false,2026-07-06T07:20:47.556797+00:00
2026-06-29T04:45:00+00:00,2026-06-29T05:15:00+00:00,30,RELIANCE,RELIANCE.NS,1310.199951171875,1313.5,1309.699951171875,1311.4000244140625,607000,Yahoo Finance automated fallback,https://query1.finance.yahoo.com/v8/finance/chart/RELIANCE.NS?period1=1780730447&period2=1783322447&interval=30m&events=history&includePrePost=false,2026-07-06T07:20:47.556797+00:00
2026-06-29T05:15:00+00:00,2026-06-29T05:45:00+00:00,30,RELIANCE,RELIANCE.NS,1311.4000244140625,1312.0,1307.0,1308.0999755859375,575644,Yahoo Finance automated fallback,https://query1.finance.yahoo.com/v8/finance/chart/RELIANCE.NS?period1=1780730447&period2=1783322447&interval=30m&events=history&includePrePost=false,2026-07-06T07:20:47.556797+00:00
2026-06-29T05:45:00+00:00,2026-06-29T06:15:00+00:00,30,RELIANCE,RELIANCE.NS,1308.0,1310.0999755859375,1304.199951171875,1305.0999755859375,1017735,Yahoo Finance automated fallback,https://query1.finance.yahoo.com/v8/finance/chart/RELIANCE.NS?period1=1780730447&period2=1783322447&interval=30m&events=history&includePrePost=false,2026-07-06T07:20:47.556797+00:00
2026-06-29T06:15:00+00:00,2026-06-29T06:45:00+00:00,30,RELIANCE,RELIANCE.NS,1305.4000244140625,1305.800048828125,1301.0,1302.5999755859375,975318,Yahoo Finance automated fallback,https://query1.finance.yahoo.com/v8/finance/chart/RELIANCE.NS?period1=1780730447&period2=1783322447&interval=30m&events=history&includePrePost=false,2026-07-06T07:20:47.556797+00:00
2026-06-29T06:45:00+00:00,2026-06-29T07:15:00+00:00,30,RELIANCE,RELIANCE.NS,1302.5999755859375,1304.0,1300.5999755859375,1301.4000244140625,625837,Yahoo Finance automated fallback,https://query1.finance.yahoo.com/v8/finance/chart/RELIANCE.NS?period1=1780730447&period2=1783322447&interval=30m&events=history&includePrePost=false,2026-07-06T07:20:47.556797+00:00
2026-06-29T07:15:00+00:00,2026-06-29T07:45:00+00:00,30,RELIANCE,RELIANCE.NS,1301.4000244140625,1302.9000244140625,1300.300048828125,1300.699951171875,412118,Yahoo Finance automated fallback,https://query1.finance.yahoo.com/v8/finance/chart/RELIANCE.NS?period1=1780730447&period2=1783322447&interval=30m&events=history&includePrePost=false,2026-07-06T07:20:47.556797+00:00
2026-06-29T07:45:00+00:00,2026-06-29T08:15:00+00:00,30,RELIANCE,RELIANCE.NS,1300.699951171875,1303.300048828125,1299.5,1299.699951171875,690004,Yahoo Finance automated fallback,https://query1.finance.yahoo.com/v8/finance/chart/RELIANCE.NS?period1=1780730447&period2=1783322447&interval=30m&events=history&includePrePost=false,2026-07-06T07:20:47.556797+00:00
2026-06-29T08:15:00+00:00,2026-06-29T08:45:00+00:00,30,RELIANCE,RELIANCE.NS,1299.699951171875,1299.699951171875,1294.699951171875,1295.0,798721,Yahoo Finance automated fallback,https://query1.finance.yahoo.com/v8/finance/chart/RELIANCE.NS?period1=1780730447&period2=1783322447&interval=30m&events=history&includePrePost=false,2026-07-06T07:20:47.556797+00:00
2026-06-29T08:45:00+00:00,2026-06-29T09:15:00+00:00,30,RELIANCE,RELIANCE.NS,1295.0,1297.699951171875,1292.5999755859375,1295.800048828125,1150263,Yahoo Finance automated fallback,https://query1.finance.yahoo.com/v8/finance/chart/RELIANCE.NS?period1=1780730447&period2=1783322447&interval=30m&events=history&includePrePost=false,2026-07-06T07:20:47.556797+00:00
2026-06-29T09:15:00+00:00,2026-06-29T09:45:00+00:00,30,RELIANCE,RELIANCE.NS,1295.800048828125,1301.800048828125,1295.300048828125,1301.699951171875,2762962,Yahoo Finance automated fallback,https://query1.finance.yahoo.com/v8/finance/chart/RELIANCE.NS?period1=1780730447&period2=1783322447&interval=30m&events=history&includePrePost=false,2026-07-06T07:20:47.556797+00:00
2026-06-29T09:45:00+00:00,2026-06-29T10:15:00+00:00,30,RELIANCE,RELIANCE.NS,1301.5,1303.0999755859375,1300.0,1302.0,1944584,Yahoo Finance automated fallback,https://query1.finance.yahoo.com/v8/finance/chart/RELIANCE.NS?period1=1780730447&period2=1783322447&interval=30m&events=history&includePrePost=false,2026-07-06T07:20:47.556797+00:00
2026-06-30T03:45:00+00:00,2026-06-30T04:15:00+00:00,30,RELIANCE,RELIANCE.NS,1305.800048828125,1306.9000244140625,1290.0,1291.4000244140625,1047787,Yahoo Finance automated fallback,https://query1.finance.yahoo.com/v8/finance/chart/RELIANCE.NS?period1=1780730447&period2=1783322447&interval=30m&events=history&includePrePost=false,2026-07-06T07:20:47.556797+00:00
2026-06-30T04:15:00+00:00,2026-06-30T04:45:00+00:00,30,RELIANCE,RELIANCE.NS,1291.0999755859375,1296.199951171875,1291.0,1295.300048828125,725233,Yahoo Finance automated fallback,https://query1.finance.yahoo.com/v8/finance/chart/RELIANCE.NS?period1=1780730447&period2=1783322447&interval=30m&events=history&includePrePost=false,2026-07-06T07:20:47.556797+00:00
2026-06-30T04:45:00+00:00,2026-06-30T05:15:00+00:00,30,RELIANCE,RELIANCE.NS,1295.300048828125,1297.0,1293.5,1294.699951171875,766233,Yahoo Finance automated fallback,https://query1.finance.yahoo.com/v8/finance/chart/RELIANCE.NS?period1=1780730447&period2=1783322447&interval=30m&events=history&includePrePost=false,2026-07-06T07:20:47.556797+00:00
2026-06-30T05:15:00+00:00,2026-06-30T05:45:00+00:00,30,RELIANCE,RELIANCE.NS,1294.5999755859375,1297.800048828125,1292.0,1296.699951171875,909036,Yahoo Finance automated fallback,https://query1.finance.yahoo.com/v8/finance/chart/RELIANCE.NS?period1=1780730447&period2=1783322447&interval=30m&events=history&includePrePost=false,2026-07-06T07:20:47.556797+00:00
2026-06-30T05:45:00+00:00,2026-06-30T06:15:00+00:00,30,RELIANCE,RELIANCE.NS,1296.5999755859375,1300.0,1294.9000244140625,1295.0,1003155,Yahoo Finance automated fallback,https://query1.finance.yahoo.com/v8/finance/chart/RELIANCE.NS?period1=1780730447&period2=1783322447&interval=30m&events=history&includePrePost=false,2026-07-06T07:20:47.556797+00:00
2026-06-30T06:15:00+00:00,2026-06-30T06:45:00+00:00,30,RELIANCE,RELIANCE.NS,1294.9000244140625,1297.9000244140625,1294.0999755859375,1295.300048828125,526593,Yahoo Finance automated fallback,https://query1.finance.yahoo.com/v8/finance/chart/RELIANCE.NS?period1=1780730447&period2=1783322447&interval=30m&events=history&includePrePost=false,2026-07-06T07:20:47.556797+00:00
2026-06-30T06:45:00+00:00,2026-06-30T07:15:00+00:00,30,RELIANCE,RELIANCE.NS,1295.300048828125,1299.5999755859375,1295.0,1299.0,677110,Yahoo Finance automated fallback,https://query1.finance.yahoo.com/v8/finance/chart/RELIANCE.NS?period1=1780730447&period2=1783322447&interval=30m&events=history&includePrePost=false,2026-07-06T07:20:47.556797+00:00
2026-06-30T07:15:00+00:00,2026-06-30T07:45:00+00:00,30,RELIANCE,RELIANCE.NS,1298.9000244140625,1299.9000244140625,1295.0999755859375,1295.5999755859375,1253398,Yahoo Finance automated fallback,https://query1.finance.yahoo.com/v8/finance/chart/RELIANCE.NS?period1=1780730447&period2=1783322447&interval=30m&events=history&includePrePost=false,2026-07-06T07:20:47.556797+00:00
2026-06-30T07:45:00+00:00,2026-06-30T08:15:00+00:00,30,RELIANCE,RELIANCE.NS,1295.4000244140625,1297.300048828125,1293.0,1296.5999755859375,723275,Yahoo Finance automated fallback,https://query1.finance.yahoo.com/v8/finance/chart/RELIANCE.NS?period1=1780730447&period2=1783322447&interval=30m&events=history&includePrePost=false,2026-07-06T07:20:47.556797+00:00
2026-06-30T08:15:00+00:00,2026-06-30T08:45:00+00:00,30,RELIANCE,RELIANCE.NS,1296.5999755859375,1297.0,1292.5,1293.0,952152,Yahoo Finance automated fallback,https://query1.finance.yahoo.com/v8/finance/chart/RELIANCE.NS?period1=1780730447&period2=1783322447&interval=30m&events=history&includePrePost=false,2026-07-06T07:20:47.556797+00:00
2026-06-30T08:45:00+00:00,2026-06-30T09:15:00+00:00,30,RELIANCE,RELIANCE.NS,1293.199951171875,1297.0,1292.5,1296.0,1697266,Yahoo Finance automated fallback,https://query1.finance.yahoo.com/v8/finance/chart/RELIANCE.NS?period1=1780730447&period2=1783322447&interval=30m&events=history&includePrePost=false,2026-07-06T07:20:47.556797+00:00
2026-06-30T09:15:00+00:00,2026-06-30T09:45:00+00:00,30,RELIANCE,RELIANCE.NS,1296.199951171875,1296.300048828125,1292.199951171875,1294.800048828125,3227975,Yahoo Finance automated fallback,https://query1.finance.yahoo.com/v8/finance/chart/RELIANCE.NS?period1=1780730447&period2=1783322447&interval=30m&events=history&includePrePost=false,2026-07-06T07:20:47.556797+00:00
2026-06-30T09:45:00+00:00,2026-06-30T10:15:00+00:00,30,RELIANCE,RELIANCE.NS,1294.800048828125,1295.0,1293.0999755859375,1294.0,1726675,Yahoo Finance automated fallback,https://query1.finance.yahoo.com/v8/finance/chart/RELIANCE.NS?period1=1780730447&period2=1783322447&interval=30m&events=history&includePrePost=false,2026-07-06T07:20:47.556797+00:00
2026-07-01T03:45:00+00:00,2026-07-01T04:15:00+00:00,30,RELIANCE,RELIANCE.NS,1297.5,1301.300048828125,1296.9000244140625,1298.0999755859375,489813,Yahoo Finance automated fallback,https://query1.finance.yahoo.com/v8/finance/chart/RELIANCE.NS?period1=1780730447&period2=1783322447&interval=30m&events=history&includePrePost=false,2026-07-06T07:20:47.556797+00:00
2026-07-01T04:15:00+00:00,2026-07-01T04:45:00+00:00,30,RELIANCE,RELIANCE.NS,1298.0999755859375,1311.4000244140625,1297.5999755859375,1306.4000244140625,1025155,Yahoo Finance automated fallback,https://query1.finance.yahoo.com/v8/finance/chart/RELIANCE.NS?period1=1780730447&period2=1783322447&interval=30m&events=history&includePrePost=false,2026-07-06T07:20:47.556797+00:00
2026-07-01T04:45:00+00:00,2026-07-01T05:15:00+00:00,30,RELIANCE,RELIANCE.NS,1306.5,1309.9000244140625,1303.0,1303.9000244140625,448884,Yahoo Finance automated fallback,https://query1.finance.yahoo.com/v8/finance/chart/RELIANCE.NS?period1=1780730447&period2=1783322447&interval=30m&events=history&includePrePost=false,2026-07-06T07:20:47.556797+00:00
2026-07-01T05:15:00+00:00,2026-07-01T05:45:00+00:00,30,RELIANCE,RELIANCE.NS,1303.9000244140625,1311.0,1303.199951171875,1310.699951171875,463851,Yahoo Finance automated fallback,https://query1.finance.yahoo.com/v8/finance/chart/RELIANCE.NS?period1=1780730447&period2=1783322447&interval=30m&events=history&includePrePost=false,2026-07-06T07:20:47.556797+00:00
2026-07-01T05:45:00+00:00,2026-07-01T06:15:00+00:00,30,RELIANCE,RELIANCE.NS,1310.800048828125,1312.199951171875,1307.5999755859375,1310.0999755859375,615489,Yahoo Finance automated fallback,https://query1.finance.yahoo.com/v8/finance/chart/RELIANCE.NS?period1=1780730447&period2=1783322447&interval=30m&events=history&includePrePost=false,2026-07-06T07:20:47.556797+00:00
2026-07-01T06:15:00+00:00,2026-07-01T06:45:00+00:00,30,RELIANCE,RELIANCE.NS,1310.0999755859375,1311.0,1306.9000244140625,1309.300048828125,606034,Yahoo Finance automated fallback,https://query1.finance.yahoo.com/v8/finance/chart/RELIANCE.NS?period1=1780730447&period2=1783322447&interval=30m&events=history&includePrePost=false,2026-07-06T07:20:47.556797+00:00
2026-07-01T06:45:00+00:00,2026-07-01T07:15:00+00:00,30,RELIANCE,RELIANCE.NS,1309.199951171875,1311.800048828125,1307.0,1310.0,589581,Yahoo Finance automated fallback,https://query1.finance.yahoo.com/v8/finance/chart/RELIANCE.NS?period1=1780730447&period2=1783322447&interval=30m&events=history&includePrePost=false,2026-07-06T07:20:47.556797+00:00
2026-07-01T07:15:00+00:00,2026-07-01T07:45:00+00:00,30,RELIANCE,RELIANCE.NS,1310.0,1310.0,1307.5,1308.0,203607,Yahoo Finance automated fallback,https://query1.finance.yahoo.com/v8/finance/chart/RELIANCE.NS?period1=1780730447&period2=1783322447&interval=30m&events=history&includePrePost=false,2026-07-06T07:20:47.556797+00:00
2026-07-01T07:45:00+00:00,2026-07-01T08:15:00+00:00,30,RELIANCE,RELIANCE.NS,1307.9000244140625,1311.800048828125,1307.800048828125,1310.5,388165,Yahoo Finance automated fallback,https://query1.finance.yahoo.com/v8/finance/chart/RELIANCE.NS?period1=1780730447&period2=1783322447&interval=30m&events=history&includePrePost=false,2026-07-06T07:20:47.556797+00:00
2026-07-01T08:15:00+00:00,2026-07-01T08:45:00+00:00,30,RELIANCE,RELIANCE.NS,1310.5,1311.5,1309.0,1310.0,252186,Yahoo Finance automated fallback,https://query1.finance.yahoo.com/v8/finance/chart/RELIANCE.NS?period1=1780730447&period2=1783322447&interval=30m&events=history&includePrePost=false,2026-07-06T07:20:47.556797+00:00
2026-07-01T08:45:00+00:00,2026-07-01T09:15:00+00:00,30,RELIANCE,RELIANCE.NS,1310.199951171875,1310.9000244140625,1309.0999755859375,1310.5,343935,Yahoo Finance automated fallback,https://query1.finance.yahoo.com/v8/finance/chart/RELIANCE.NS?period1=1780730447&period2=1783322447&interval=30m&events=history&includePrePost=false,2026-07-06T07:20:47.556797+00:00
2026-07-01T09:15:00+00:00,2026-07-01T09:45:00+00:00,30,RELIANCE,RELIANCE.NS,1310.4000244140625,1310.800048828125,1307.4000244140625,1308.5,642616,Yahoo Finance automated fallback,https://query1.finance.yahoo.com/v8/finance/chart/RELIANCE.NS?period1=1780730447&period2=1783322447&interval=30m&events=history&includePrePost=false,2026-07-06T07:20:47.556797+00:00
2026-07-01T09:45:00+00:00,2026-07-01T10:15:00+00:00,30,RELIANCE,RELIANCE.NS,1308.5,1308.699951171875,1306.0999755859375,1306.5,562148,Yahoo Finance automated fallback,https://query1.finance.yahoo.com/v8/finance/chart/RELIANCE.NS?period1=1780730447&period2=1783322447&interval=30m&events=history&includePrePost=false,2026-07-06T07:20:47.556797+00:00
2026-07-02T03:45:00+00:00,2026-07-02T04:15:00+00:00,30,RELIANCE,RELIANCE.NS,1310.0,1313.0,1305.5999755859375,1312.199951171875,695997,Yahoo Finance automated fallback,https://query1.finance.yahoo.com/v8/finance/chart/RELIANCE.NS?period1=1780730447&period2=1783322447&interval=30m&events=history&includePrePost=false,2026-07-06T07:20:47.556797+00:00
2026-07-02T04:15:00+00:00,2026-07-02T04:45:00+00:00,30,RELIANCE,RELIANCE.NS,1312.0,1312.0,1304.0999755859375,1305.0,819451,Yahoo Finance automated fallback,https://query1.finance.yahoo.com/v8/finance/chart/RELIANCE.NS?period1=1780730447&period2=1783322447&interval=30m&events=history&includePrePost=false,2026-07-06T07:20:47.556797+00:00
2026-07-02T04:45:00+00:00,2026-07-02T05:15:00+00:00,30,RELIANCE,RELIANCE.NS,1305.0,1305.0,1302.5,1303.5,855131,Yahoo Finance automated fallback,https://query1.finance.yahoo.com/v8/finance/chart/RELIANCE.NS?period1=1780730447&period2=1783322447&interval=30m&events=history&includePrePost=false,2026-07-06T07:20:47.556797+00:00
2026-07-02T05:15:00+00:00,2026-07-02T05:45:00+00:00,30,RELIANCE,RELIANCE.NS,1303.4000244140625,1305.800048828125,1300.5,1303.800048828125,2309079,Yahoo Finance automated fallback,https://query1.finance.yahoo.com/v8/finance/chart/RELIANCE.NS?period1=1780730447&period2=1783322447&interval=30m&events=history&includePrePost=false,2026-07-06T07:20:47.556797+00:00
2026-07-02T05:45:00+00:00,2026-07-02T06:15:00+00:00,30,RELIANCE,RELIANCE.NS,1303.9000244140625,1305.0,1299.4000244140625,1303.0,1856325,Yahoo Finance automated fallback,https://query1.finance.yahoo.com/v8/finance/chart/RELIANCE.NS?period1=1780730447&period2=1783322447&interval=30m&events=history&includePrePost=false,2026-07-06T07:20:47.556797+00:00
2026-07-02T06:15:00+00:00,2026-07-02T06:45:00+00:00,30,RELIANCE,RELIANCE.NS,1303.0,1304.5999755859375,1302.199951171875,1304.199951171875,1868334,Yahoo Finance automated fallback,https://query1.finance.yahoo.com/v8/finance/chart/RELIANCE.NS?period1=1780730447&period2=1783322447&interval=30m&events=history&includePrePost=false,2026-07-06T07:20:47.556797+00:00
2026-07-02T06:45:00+00:00,2026-07-02T07:15:00+00:00,30,RELIANCE,RELIANCE.NS,1304.0,1304.5,1302.5999755859375,1303.300048828125,1392049,Yahoo Finance automated fallback,https://query1.finance.yahoo.com/v8/finance/chart/RELIANCE.NS?period1=1780730447&period2=1783322447&interval=30m&events=history&includePrePost=false,2026-07-06T07:20:47.556797+00:00
2026-07-02T07:15:00+00:00,2026-07-02T07:45:00+00:00,30,RELIANCE,RELIANCE.NS,1303.199951171875,1304.4000244140625,1302.5,1304.4000244140625,850834,Yahoo Finance automated fallback,https://query1.finance.yahoo.com/v8/finance/chart/RELIANCE.NS?period1=1780730447&period2=1783322447&interval=30m&events=history&includePrePost=false,2026-07-06T07:20:47.556797+00:00
2026-07-02T07:45:00+00:00,2026-07-02T08:15:00+00:00,30,RELIANCE,RELIANCE.NS,1304.0,1307.0,1303.199951171875,1303.9000244140625,1451184,Yahoo Finance automated fallback,https://query1.finance.yahoo.com/v8/finance/chart/RELIANCE.NS?period1=1780730447&period2=1783322447&interval=30m&events=history&includePrePost=false,2026-07-06T07:20:47.556797+00:00
2026-07-02T08:15:00+00:00,2026-07-02T08:45:00+00:00,30,RELIANCE,RELIANCE.NS,1303.800048828125,1304.9000244140625,1303.199951171875,1303.9000244140625,824023,Yahoo Finance automated fallback,https://query1.finance.yahoo.com/v8/finance/chart/RELIANCE.NS?period1=1780730447&period2=1783322447&interval=30m&events=history&includePrePost=false,2026-07-06T07:20:47.556797+00:00
2026-07-02T08:45:00+00:00,2026-07-02T09:15:00+00:00,30,RELIANCE,RELIANCE.NS,1303.9000244140625,1304.5,1303.300048828125,1303.800048828125,771285,Yahoo Finance automated fallback,https://query1.finance.yahoo.com/v8/finance/chart/RELIANCE.NS?period1=1780730447&period2=1783322447&interval=30m&events=history&includePrePost=false,2026-07-06T07:20:47.556797+00:00
2026-07-02T09:15:00+00:00,2026-07-02T09:45:00+00:00,30,RELIANCE,RELIANCE.NS,1303.800048828125,1305.699951171875,1302.9000244140625,1303.800048828125,2660485,Yahoo Finance automated fallback,https://query1.finance.yahoo.com/v8/finance/chart/RELIANCE.NS?period1=1780730447&period2=1783322447&interval=30m&events=history&includePrePost=false,2026-07-06T07:20:47.556797+00:00
2026-07-02T09:45:00+00:00,2026-07-02T10:15:00+00:00,30,RELIANCE,RELIANCE.NS,1303.800048828125,1303.800048828125,1301.0,1301.9000244140625,1110843,Yahoo Finance automated fallback,https://query1.finance.yahoo.com/v8/finance/chart/RELIANCE.NS?period1=1780730447&period2=1783322447&interval=30m&events=history&includePrePost=false,2026-07-06T07:20:47.556797+00:00
2026-07-03T03:45:00+00:00,2026-07-03T04:15:00+00:00,30,RELIANCE,RELIANCE.NS,1312.0,1312.0,1306.0,1306.800048828125,369549,Yahoo Finance automated fallback,https://query1.finance.yahoo.com/v8/finance/chart/RELIANCE.NS?period1=1780730447&period2=1783322447&interval=30m&events=history&includePrePost=false,2026-07-06T07:20:47.556797+00:00
2026-07-03T04:15:00+00:00,2026-07-03T04:45:00+00:00,30,RELIANCE,RELIANCE.NS,1306.800048828125,1308.0999755859375,1304.0999755859375,1305.0999755859375,502789,Yahoo Finance automated fallback,https://query1.finance.yahoo.com/v8/finance/chart/RELIANCE.NS?period1=1780730447&period2=1783322447&interval=30m&events=history&includePrePost=false,2026-07-06T07:20:47.556797+00:00
2026-07-03T04:45:00+00:00,2026-07-03T05:15:00+00:00,30,RELIANCE,RELIANCE.NS,1305.0999755859375,1305.5,1303.300048828125,1303.5,408014,Yahoo Finance automated fallback,https://query1.finance.yahoo.com/v8/finance/chart/RELIANCE.NS?period1=1780730447&period2=1783322447&interval=30m&events=history&includePrePost=false,2026-07-06T07:20:47.556797+00:00
2026-07-03T05:15:00+00:00,2026-07-03T05:45:00+00:00,30,RELIANCE,RELIANCE.NS,1303.4000244140625,1305.199951171875,1302.0999755859375,1302.5,595977,Yahoo Finance automated fallback,https://query1.finance.yahoo.com/v8/finance/chart/RELIANCE.NS?period1=1780730447&period2=1783322447&interval=30m&events=history&includePrePost=false,2026-07-06T07:20:47.556797+00:00
2026-07-03T05:45:00+00:00,2026-07-03T06:15:00+00:00,30,RELIANCE,RELIANCE.NS,1302.5999755859375,1306.9000244140625,1302.0,1305.5999755859375,790797,Yahoo Finance automated fallback,https://query1.finance.yahoo.com/v8/finance/chart/RELIANCE.NS?period1=1780730447&period2=1783322447&interval=30m&events=history&includePrePost=false,2026-07-06T07:20:47.556797+00:00
2026-07-03T06:15:00+00:00,2026-07-03T06:45:00+00:00,30,RELIANCE,RELIANCE.NS,1305.5999755859375,1310.0,1305.0,1307.0,986722,Yahoo Finance automated fallback,https://query1.finance.yahoo.com/v8/finance/chart/RELIANCE.NS?period1=1780730447&period2=1783322447&interval=30m&events=history&includePrePost=false,2026-07-06T07:20:47.556797+00:00
2026-07-03T06:45:00+00:00,2026-07-03T07:15:00+00:00,30,RELIANCE,RELIANCE.NS,1307.0,1307.300048828125,1303.0,1303.199951171875,478650,Yahoo Finance automated fallback,https://query1.finance.yahoo.com/v8/finance/chart/RELIANCE.NS?period1=1780730447&period2=1783322447&interval=30m&events=history&includePrePost=false,2026-07-06T07:20:47.556797+00:00
2026-07-03T07:15:00+00:00,2026-07-03T07:45:00+00:00,30,RELIANCE,RELIANCE.NS,1303.199951171875,1305.0,1303.0,1303.5999755859375,442031,Yahoo Finance automated fallback,https://query1.finance.yahoo.com/v8/finance/chart/RELIANCE.NS?period1=1780730447&period2=1783322447&interval=30m&events=history&includePrePost=false,2026-07-06T07:20:47.556797+00:00
2026-07-03T07:45:00+00:00,2026-07-03T08:15:00+00:00,30,RELIANCE,RELIANCE.NS,1303.5999755859375,1304.9000244140625,1302.4000244140625,1304.9000244140625,485523,Yahoo Finance automated fallback,https://query1.finance.yahoo.com/v8/finance/chart/RELIANCE.NS?period1=1780730447&period2=1783322447&interval=30m&events=history&includePrePost=false,2026-07-06T07:20:47.556797+00:00
2026-07-03T08:15:00+00:00,2026-07-03T08:45:00+00:00,30,RELIANCE,RELIANCE.NS,1305.0,1306.5,1303.5,1306.0999755859375,499580,Yahoo Finance automated fallback,https://query1.finance.yahoo.com/v8/finance/chart/RELIANCE.NS?period1=1780730447&period2=1783322447&interval=30m&events=history&includePrePost=false,2026-07-06T07:20:47.556797+00:00
2026-07-03T08:45:00+00:00,2026-07-03T09:15:00+00:00,30,RELIANCE,RELIANCE.NS,1306.0,1306.300048828125,1304.0999755859375,1304.0999755859375,598816,Yahoo Finance automated fallback,https://query1.finance.yahoo.com/v8/finance/chart/RELIANCE.NS?period1=1780730447&period2=1783322447&interval=30m&events=history&includePrePost=false,2026-07-06T07:20:47.556797+00:00
2026-07-03T09:15:00+00:00,2026-07-03T09:45:00+00:00,30,RELIANCE,RELIANCE.NS,1304.699951171875,1304.9000244140625,1303.0999755859375,1303.800048828125,747771,Yahoo Finance automated fallback,https://query1.finance.yahoo.com/v8/finance/chart/RELIANCE.NS?period1=1780730447&period2=1783322447&interval=30m&events=history&includePrePost=false,2026-07-06T07:20:47.556797+00:00
2026-07-03T09:45:00+00:00,2026-07-03T10:15:00+00:00,30,RELIANCE,RELIANCE.NS,1303.9000244140625,1305.199951171875,1302.5,1305.199951171875,536813,Yahoo Finance automated fallback,https://query1.finance.yahoo.com/v8/finance/chart/RELIANCE.NS?period1=1780730447&period2=1783322447&interval=30m&events=history&includePrePost=false,2026-07-06T07:20:47.556797+00:00
2026-07-06T03:45:00+00:00,2026-07-06T04:15:00+00:00,30,RELIANCE,RELIANCE.NS,1304.699951171875,1305.800048828125,1299.699951171875,1302.199951171875,522717,Yahoo Finance automated fallback,https://query1.finance.yahoo.com/v8/finance/chart/RELIANCE.NS?period1=1780730447&period2=1783322447&interval=30m&events=history&includePrePost=false,2026-07-06T07:20:47.556797+00:00
2026-07-06T04:15:00+00:00,2026-07-06T04:45:00+00:00,30,RELIANCE,RELIANCE.NS,1302.199951171875,1304.5999755859375,1301.5,1303.300048828125,363343,Yahoo Finance automated fallback,https://query1.finance.yahoo.com/v8/finance/chart/RELIANCE.NS?period1=1780730447&period2=1783322447&interval=30m&events=history&includePrePost=false,2026-07-06T07:20:47.556797+00:00
2026-07-06T04:45:00+00:00,2026-07-06T05:15:00+00:00,30,RELIANCE,RELIANCE.NS,1303.300048828125,1311.0,1303.199951171875,1308.699951171875,718770,Yahoo Finance automated fallback,https://query1.finance.yahoo.com/v8/finance/chart/RELIANCE.NS?period1=1780730447&period2=1783322447&interval=30m&events=history&includePrePost=false,2026-07-06T07:20:47.556797+00:00
2026-07-06T05:15:00+00:00,2026-07-06T05:45:00+00:00,30,RELIANCE,RELIANCE.NS,1308.5999755859375,1325.5,1308.0999755859375,1321.300048828125,1498369,Yahoo Finance automated fallback,https://query1.finance.yahoo.com/v8/finance/chart/RELIANCE.NS?period1=1780730447&period2=1783322447&interval=30m&events=history&includePrePost=false,2026-07-06T07:20:47.556797+00:00
2026-07-06T05:45:00+00:00,2026-07-06T06:15:00+00:00,30,RELIANCE,RELIANCE.NS,1321.199951171875,1323.699951171875,1317.4000244140625,1322.9000244140625,472100,Yahoo Finance automated fallback,https://query1.finance.yahoo.com/v8/finance/chart/RELIANCE.NS?period1=1780730447&period2=1783322447&interval=30m&events=history&includePrePost=false,2026-07-06T07:20:47.556797+00:00
2026-07-06T06:15:00+00:00,2026-07-06T06:45:00+00:00,30,RELIANCE,RELIANCE.NS,1323.0,1323.199951171875,1320.199951171875,1322.5,271154,Yahoo Finance automated fallback,https://query1.finance.yahoo.com/v8/finance/chart/RELIANCE.NS?period1=1780730447&period2=1783322447&interval=30m&events=history&includePrePost=false,2026-07-06T07:20:47.556797+00:00
2026-07-06T06:45:00+00:00,2026-07-06T07:15:00+00:00,30,RELIANCE,RELIANCE.NS,1322.5,1325.300048828125,1321.0999755859375,1323.800048828125,555255,Yahoo Finance automated fallback,https://query1.finance.yahoo.com/v8/finance/chart/RELIANCE.NS?period1=1780730447&period2=1783322447&interval=30m&events=history&includePrePost=false,2026-07-06T07:20:47.556797+00:00
2026-07-06T07:15:00+00:00,2026-07-06T07:45:00+00:00,30,RELIANCE,RELIANCE.NS,1323.800048828125,1324.0,1321.5,1322.0999755859375,49209,Yahoo Finance automated fallback,https://query1.finance.yahoo.com/v8/finance/chart/RELIANCE.NS?period1=1780730447&period2=1783322447&interval=30m&events=history&includePrePost=false,2026-07-06T07:20:47.556797+00:00
2026-07-06T07:20:47+00:00,2026-07-06T07:50:47+00:00,30,RELIANCE,RELIANCE.NS,1322.5999755859375,1322.5999755859375,1322.5999755859375,1322.5999755859375,0,Yahoo Finance automated fallback,https://query1.finance.yahoo.com/v8/finance/chart/RELIANCE.NS?period1=1780730447&period2=1783322447&interval=30m&events=history&includePrePost=false,2026-07-06T07:20:47.556797+00:00
