Date,Symbol,Ticker,Open,High,Low,Close,Adj Close,Price Adjustment Factor,Volume,Source,Source URL,Fetch Timestamp
2025-07-07,SBILIFE,SBILIFE.NS,1799.699951171875,1811.800048828125,1792.199951171875,1808.300048828125,1805.789794921875,0.9986118156066651,376143,Yahoo Finance automated fallback,https://query1.finance.yahoo.com/v8/finance/chart/SBILIFE.NS?period1=1751760000&period2=1783382400&interval=1d&events=div%2Csplits%2Chistory&includeAdjustedClose=true,2026-07-06T07:37:23.266692+00:00
2025-07-08,SBILIFE,SBILIFE.NS,1801.0,1818.800048828125,1797.300048828125,1816.9000244140625,1814.3778076171875,0.9986118021008402,616714,Yahoo Finance automated fallback,https://query1.finance.yahoo.com/v8/finance/chart/SBILIFE.NS?period1=1751760000&period2=1783382400&interval=1d&events=div%2Csplits%2Chistory&includeAdjustedClose=true,2026-07-06T07:37:23.266692+00:00
2025-07-09,SBILIFE,SBILIFE.NS,1820.0,1821.0,1799.0,1814.9000244140625,1812.380615234375,0.9986118193036551,597896,Yahoo Finance automated fallback,https://query1.finance.yahoo.com/v8/finance/chart/SBILIFE.NS?period1=1751760000&period2=1783382400&interval=1d&events=div%2Csplits%2Chistory&includeAdjustedClose=true,2026-07-06T07:37:23.266692+00:00
2025-07-10,SBILIFE,SBILIFE.NS,1811.0,1823.5,1801.4000244140625,1810.199951171875,1807.68701171875,0.9986117890172861,1104366,Yahoo Finance automated fallback,https://query1.finance.yahoo.com/v8/finance/chart/SBILIFE.NS?period1=1751760000&period2=1783382400&interval=1d&events=div%2Csplits%2Chistory&includeAdjustedClose=true,2026-07-06T07:37:23.266692+00:00
2025-07-11,SBILIFE,SBILIFE.NS,1814.0,1840.0,1812.0,1835.199951171875,1832.65234375,0.998611809345217,770854,Yahoo Finance automated fallback,https://query1.finance.yahoo.com/v8/finance/chart/SBILIFE.NS?period1=1751760000&period2=1783382400&interval=1d&events=div%2Csplits%2Chistory&includeAdjustedClose=true,2026-07-06T07:37:23.266692+00:00
2025-07-14,SBILIFE,SBILIFE.NS,1843.0,1856.300048828125,1831.699951171875,1851.300048828125,1848.7301025390625,0.9986118153614865,1231109,Yahoo Finance automated fallback,https://query1.finance.yahoo.com/v8/finance/chart/SBILIFE.NS?period1=1751760000&period2=1783382400&interval=1d&events=div%2Csplits%2Chistory&includeAdjustedClose=true,2026-07-06T07:37:23.266692+00:00
2025-07-15,SBILIFE,SBILIFE.NS,1849.9000244140625,1851.699951171875,1822.4000244140625,1824.800048828125,1822.266845703125,0.9986117913978428,1313007,Yahoo Finance automated fallback,https://query1.finance.yahoo.com/v8/finance/chart/SBILIFE.NS?period1=1751760000&period2=1783382400&interval=1d&events=div%2Csplits%2Chistory&includeAdjustedClose=true,2026-07-06T07:37:23.266692+00:00
2025-07-16,SBILIFE,SBILIFE.NS,1833.9000244140625,1839.9000244140625,1821.5999755859375,1829.0999755859375,1826.560791015625,0.9986117847005607,652826,Yahoo Finance automated fallback,https://query1.finance.yahoo.com/v8/finance/chart/SBILIFE.NS?period1=1751760000&period2=1783382400&interval=1d&events=div%2Csplits%2Chistory&includeAdjustedClose=true,2026-07-06T07:37:23.266692+00:00
2025-07-17,SBILIFE,SBILIFE.NS,1829.0,1829.0,1796.300048828125,1802.800048828125,1800.29736328125,0.9986117786337415,886192,Yahoo Finance automated fallback,https://query1.finance.yahoo.com/v8/finance/chart/SBILIFE.NS?period1=1751760000&period2=1783382400&interval=1d&events=div%2Csplits%2Chistory&includeAdjustedClose=true,2026-07-06T07:37:23.266692+00:00
2025-07-18,SBILIFE,SBILIFE.NS,1799.0,1802.800048828125,1754.0999755859375,1788.4000244140625,1785.9173583984375,0.9986117949106837,1600088,Yahoo Finance automated fallback,https://query1.finance.yahoo.com/v8/finance/chart/SBILIFE.NS?period1=1751760000&period2=1783382400&interval=1d&events=div%2Csplits%2Chistory&includeAdjustedClose=true,2026-07-06T07:37:23.266692+00:00
2025-07-21,SBILIFE,SBILIFE.NS,1794.699951171875,1807.4000244140625,1781.0,1804.699951171875,1802.1947021484375,0.9986118196424781,481174,Yahoo Finance automated fallback,https://query1.finance.yahoo.com/v8/finance/chart/SBILIFE.NS?period1=1751760000&period2=1783382400&interval=1d&events=div%2Csplits%2Chistory&includeAdjustedClose=true,2026-07-06T07:37:23.266692+00:00
2025-07-22,SBILIFE,SBILIFE.NS,1791.0999755859375,1815.300048828125,1791.0999755859375,1809.0,1806.48876953125,0.9986118128973189,578221,Yahoo Finance automated fallback,https://query1.finance.yahoo.com/v8/finance/chart/SBILIFE.NS?period1=1751760000&period2=1783382400&interval=1d&events=div%2Csplits%2Chistory&includeAdjustedClose=true,2026-07-06T07:37:23.266692+00:00
2025-07-23,SBILIFE,SBILIFE.NS,1809.0,1818.5,1792.0,1809.5,1806.988037109375,0.9986117917155982,555690,Yahoo Finance automated fallback,https://query1.finance.yahoo.com/v8/finance/chart/SBILIFE.NS?period1=1751760000&period2=1783382400&interval=1d&events=div%2Csplits%2Chistory&includeAdjustedClose=true,2026-07-06T07:37:23.266692+00:00
2025-07-24,SBILIFE,SBILIFE.NS,1808.0,1822.5,1778.699951171875,1793.5999755859375,1791.110107421875,0.9986118040823182,928018,Yahoo Finance automated fallback,https://query1.finance.yahoo.com/v8/finance/chart/SBILIFE.NS?period1=1751760000&period2=1783382400&interval=1d&events=div%2Csplits%2Chistory&includeAdjustedClose=true,2026-07-06T07:37:23.266692+00:00
2025-07-25,SBILIFE,SBILIFE.NS,1814.0,1847.0,1810.9000244140625,1832.0999755859375,1829.556640625,0.9986117924813988,1821229,Yahoo Finance automated fallback,https://query1.finance.yahoo.com/v8/finance/chart/SBILIFE.NS?period1=1751760000&period2=1783382400&interval=1d&events=div%2Csplits%2Chistory&includeAdjustedClose=true,2026-07-06T07:37:23.266692+00:00
2025-07-28,SBILIFE,SBILIFE.NS,1832.0,1858.0,1819.0,1850.5,1847.93115234375,0.9986118088861119,1182404,Yahoo Finance automated fallback,https://query1.finance.yahoo.com/v8/finance/chart/SBILIFE.NS?period1=1751760000&period2=1783382400&interval=1d&events=div%2Csplits%2Chistory&includeAdjustedClose=true,2026-07-06T07:37:23.266692+00:00
2025-07-29,SBILIFE,SBILIFE.NS,1848.0,1851.800048828125,1822.9000244140625,1833.4000244140625,1830.8548583984375,0.9986117781271229,585182,Yahoo Finance automated fallback,https://query1.finance.yahoo.com/v8/finance/chart/SBILIFE.NS?period1=1751760000&period2=1783382400&interval=1d&events=div%2Csplits%2Chistory&includeAdjustedClose=true,2026-07-06T07:37:23.266692+00:00
2025-07-30,SBILIFE,SBILIFE.NS,1825.0,1850.0,1824.5,1839.0999755859375,1836.5469970703125,0.9986118326629787,480951,Yahoo Finance automated fallback,https://query1.finance.yahoo.com/v8/finance/chart/SBILIFE.NS?period1=1751760000&period2=1783382400&interval=1d&events=div%2Csplits%2Chistory&includeAdjustedClose=true,2026-07-06T07:37:23.266692+00:00
2025-07-31,SBILIFE,SBILIFE.NS,1838.0,1857.4000244140625,1821.4000244140625,1840.699951171875,1838.1446533203125,0.998611779258246,1570804,Yahoo Finance automated fallback,https://query1.finance.yahoo.com/v8/finance/chart/SBILIFE.NS?period1=1751760000&period2=1783382400&interval=1d&events=div%2Csplits%2Chistory&includeAdjustedClose=true,2026-07-06T07:37:23.266692+00:00
2025-08-01,SBILIFE,SBILIFE.NS,1840.0,1843.300048828125,1788.9000244140625,1796.199951171875,1793.7064208984375,0.9986117746680648,559870,Yahoo Finance automated fallback,https://query1.finance.yahoo.com/v8/finance/chart/SBILIFE.NS?period1=1751760000&period2=1783382400&interval=1d&events=div%2Csplits%2Chistory&includeAdjustedClose=true,2026-07-06T07:37:23.266692+00:00
2025-08-04,SBILIFE,SBILIFE.NS,1798.0,1836.199951171875,1781.0,1831.5,1828.95751953125,0.9986118042758668,844169,Yahoo Finance automated fallback,https://query1.finance.yahoo.com/v8/finance/chart/SBILIFE.NS?period1=1751760000&period2=1783382400&interval=1d&events=div%2Csplits%2Chistory&includeAdjustedClose=true,2026-07-06T07:37:23.266692+00:00
2025-08-05,SBILIFE,SBILIFE.NS,1833.300048828125,1860.4000244140625,1818.699951171875,1857.0,1854.422119140625,0.998611803522146,1251783,Yahoo Finance automated fallback,https://query1.finance.yahoo.com/v8/finance/chart/SBILIFE.NS?period1=1751760000&period2=1783382400&interval=1d&events=div%2Csplits%2Chistory&includeAdjustedClose=true,2026-07-06T07:37:23.266692+00:00
2025-08-06,SBILIFE,SBILIFE.NS,1858.5999755859375,1876.0,1850.5999755859375,1854.300048828125,1851.7259521484375,0.9986118229995656,816457,Yahoo Finance automated fallback,https://query1.finance.yahoo.com/v8/finance/chart/SBILIFE.NS?period1=1751760000&period2=1783382400&interval=1d&events=div%2Csplits%2Chistory&includeAdjustedClose=true,2026-07-06T07:37:23.266692+00:00
2025-08-07,SBILIFE,SBILIFE.NS,1835.0,1863.0999755859375,1835.0,1861.0999755859375,1858.516357421875,0.9986117789490331,742694,Yahoo Finance automated fallback,https://query1.finance.yahoo.com/v8/finance/chart/SBILIFE.NS?period1=1751760000&period2=1783382400&interval=1d&events=div%2Csplits%2Chistory&includeAdjustedClose=true,2026-07-06T07:37:23.266692+00:00
2025-08-08,SBILIFE,SBILIFE.NS,1851.0999755859375,1870.9000244140625,1831.0,1833.5999755859375,1831.0545654296875,0.99861179636227,779798,Yahoo Finance automated fallback,https://query1.finance.yahoo.com/v8/finance/chart/SBILIFE.NS?period1=1751760000&period2=1783382400&interval=1d&events=div%2Csplits%2Chistory&includeAdjustedClose=true,2026-07-06T07:37:23.266692+00:00
2025-08-11,SBILIFE,SBILIFE.NS,1836.0,1852.699951171875,1825.9000244140625,1851.0,1848.430419921875,0.9986117881803754,455452,Yahoo Finance automated fallback,https://query1.finance.yahoo.com/v8/finance/chart/SBILIFE.NS?period1=1751760000&period2=1783382400&interval=1d&events=div%2Csplits%2Chistory&includeAdjustedClose=true,2026-07-06T07:37:23.266692+00:00
2025-08-12,SBILIFE,SBILIFE.NS,1849.699951171875,1863.9000244140625,1834.0,1838.0,1835.448486328125,0.9986117988727558,627624,Yahoo Finance automated fallback,https://query1.finance.yahoo.com/v8/finance/chart/SBILIFE.NS?period1=1751760000&period2=1783382400&interval=1d&events=div%2Csplits%2Chistory&includeAdjustedClose=true,2026-07-06T07:37:23.266692+00:00
2025-08-13,SBILIFE,SBILIFE.NS,1841.300048828125,1859.0,1838.0,1840.300048828125,1837.745361328125,0.9986118092527212,570828,Yahoo Finance automated fallback,https://query1.finance.yahoo.com/v8/finance/chart/SBILIFE.NS?period1=1751760000&period2=1783382400&interval=1d&events=div%2Csplits%2Chistory&includeAdjustedClose=true,2026-07-06T07:37:23.266692+00:00
2025-08-14,SBILIFE,SBILIFE.NS,1842.0999755859375,1853.699951171875,1832.199951171875,1840.5999755859375,1838.044921875,0.9986118364963446,468063,Yahoo Finance automated fallback,https://query1.finance.yahoo.com/v8/finance/chart/SBILIFE.NS?period1=1751760000&period2=1783382400&interval=1d&events=div%2Csplits%2Chistory&includeAdjustedClose=true,2026-07-06T07:37:23.266692+00:00
2025-08-18,SBILIFE,SBILIFE.NS,1879.0,1912.0,1850.0,1863.0,1860.413818359375,0.9986118187650966,1924632,Yahoo Finance automated fallback,https://query1.finance.yahoo.com/v8/finance/chart/SBILIFE.NS?period1=1751760000&period2=1783382400&interval=1d&events=div%2Csplits%2Chistory&includeAdjustedClose=true,2026-07-06T07:37:23.266692+00:00
2025-08-19,SBILIFE,SBILIFE.NS,1865.0,1869.9000244140625,1836.5999755859375,1854.0999755859375,1851.526123046875,0.9986118048794812,621923,Yahoo Finance automated fallback,https://query1.finance.yahoo.com/v8/finance/chart/SBILIFE.NS?period1=1751760000&period2=1783382400&interval=1d&events=div%2Csplits%2Chistory&includeAdjustedClose=true,2026-07-06T07:37:23.266692+00:00
2025-08-20,SBILIFE,SBILIFE.NS,1846.0,1864.9000244140625,1843.4000244140625,1858.5,1855.9200439453125,0.9986118073421105,446416,Yahoo Finance automated fallback,https://query1.finance.yahoo.com/v8/finance/chart/SBILIFE.NS?period1=1751760000&period2=1783382400&interval=1d&events=div%2Csplits%2Chistory&includeAdjustedClose=true,2026-07-06T07:37:23.266692+00:00
2025-08-21,SBILIFE,SBILIFE.NS,1870.0,1892.5,1870.0,1877.300048828125,1874.6939697265625,0.9986117940479524,1316202,Yahoo Finance automated fallback,https://query1.finance.yahoo.com/v8/finance/chart/SBILIFE.NS?period1=1751760000&period2=1783382400&interval=1d&events=div%2Csplits%2Chistory&includeAdjustedClose=true,2026-07-06T07:37:23.266692+00:00
2025-08-22,SBILIFE,SBILIFE.NS,1860.0999755859375,1870.0,1849.4000244140625,1859.0,1856.4193115234375,0.9986117867258943,605948,Yahoo Finance automated fallback,https://query1.finance.yahoo.com/v8/finance/chart/SBILIFE.NS?period1=1751760000&period2=1783382400&interval=1d&events=div%2Csplits%2Chistory&includeAdjustedClose=true,2026-07-06T07:37:23.266692+00:00
2025-08-25,SBILIFE,SBILIFE.NS,1858.9000244140625,1862.4000244140625,1843.4000244140625,1846.800048828125,1844.236328125,0.9986118038578395,613536,Yahoo Finance automated fallback,https://query1.finance.yahoo.com/v8/finance/chart/SBILIFE.NS?period1=1751760000&period2=1783382400&interval=1d&events=div%2Csplits%2Chistory&includeAdjustedClose=true,2026-07-06T07:37:23.266692+00:00
2025-08-26,SBILIFE,SBILIFE.NS,1846.9000244140625,1857.5999755859375,1809.800048828125,1816.5999755859375,1814.078125,0.9986117744028241,669578,Yahoo Finance automated fallback,https://query1.finance.yahoo.com/v8/finance/chart/SBILIFE.NS?period1=1751760000&period2=1783382400&interval=1d&events=div%2Csplits%2Chistory&includeAdjustedClose=true,2026-07-06T07:37:23.266692+00:00
2025-08-28,SBILIFE,SBILIFE.NS,1815.699951171875,1841.300048828125,1806.199951171875,1816.800048828125,1814.2779541015625,0.9986117929002758,948055,Yahoo Finance automated fallback,https://query1.finance.yahoo.com/v8/finance/chart/SBILIFE.NS?period1=1751760000&period2=1783382400&interval=1d&events=div%2Csplits%2Chistory&includeAdjustedClose=true,2026-07-06T07:37:23.266692+00:00
2025-08-29,SBILIFE,SBILIFE.NS,1826.9000244140625,1826.9000244140625,1801.0999755859375,1805.5,1802.99365234375,0.998611826277347,801378,Yahoo Finance automated fallback,https://query1.finance.yahoo.com/v8/finance/chart/SBILIFE.NS?period1=1751760000&period2=1783382400&interval=1d&events=div%2Csplits%2Chistory&includeAdjustedClose=true,2026-07-06T07:37:23.266692+00:00
2025-09-01,SBILIFE,SBILIFE.NS,1800.0,1815.9000244140625,1796.5999755859375,1809.800048828125,1807.2877197265625,0.9986118195194054,530198,Yahoo Finance automated fallback,https://query1.finance.yahoo.com/v8/finance/chart/SBILIFE.NS?period1=1751760000&period2=1783382400&interval=1d&events=div%2Csplits%2Chistory&includeAdjustedClose=true,2026-07-06T07:37:23.266692+00:00
2025-09-02,SBILIFE,SBILIFE.NS,1814.9000244140625,1825.0,1802.699951171875,1814.5,1811.9810791015625,0.9986117823651488,388232,Yahoo Finance automated fallback,https://query1.finance.yahoo.com/v8/finance/chart/SBILIFE.NS?period1=1751760000&period2=1783382400&interval=1d&events=div%2Csplits%2Chistory&includeAdjustedClose=true,2026-07-06T07:37:23.266692+00:00
2025-09-03,SBILIFE,SBILIFE.NS,1814.5,1818.9000244140625,1797.0,1810.699951171875,1808.1864013671875,0.9986118352722875,1249945,Yahoo Finance automated fallback,https://query1.finance.yahoo.com/v8/finance/chart/SBILIFE.NS?period1=1751760000&period2=1783382400&interval=1d&events=div%2Csplits%2Chistory&includeAdjustedClose=true,2026-07-06T07:37:23.266692+00:00
2025-09-04,SBILIFE,SBILIFE.NS,1890.0,1890.0,1773.0,1791.0999755859375,1788.613525390625,0.9986117747589723,2151243,Yahoo Finance automated fallback,https://query1.finance.yahoo.com/v8/finance/chart/SBILIFE.NS?period1=1751760000&period2=1783382400&interval=1d&events=div%2Csplits%2Chistory&includeAdjustedClose=true,2026-07-06T07:37:23.266692+00:00
2025-09-05,SBILIFE,SBILIFE.NS,1815.0,1827.5,1800.0999755859375,1805.300048828125,1802.7939453125,0.9986118077616783,757123,Yahoo Finance automated fallback,https://query1.finance.yahoo.com/v8/finance/chart/SBILIFE.NS?period1=1751760000&period2=1783382400&interval=1d&events=div%2Csplits%2Chistory&includeAdjustedClose=true,2026-07-06T07:37:23.266692+00:00
2025-09-08,SBILIFE,SBILIFE.NS,1807.0,1810.0,1769.5,1780.9000244140625,1778.427734375,0.9986117749423492,1553347,Yahoo Finance automated fallback,https://query1.finance.yahoo.com/v8/finance/chart/SBILIFE.NS?period1=1751760000&period2=1783382400&interval=1d&events=div%2Csplits%2Chistory&includeAdjustedClose=true,2026-07-06T07:37:23.266692+00:00
2025-09-09,SBILIFE,SBILIFE.NS,1789.800048828125,1811.5,1778.300048828125,1805.699951171875,1803.1932373046875,0.9986117771861485,895295,Yahoo Finance automated fallback,https://query1.finance.yahoo.com/v8/finance/chart/SBILIFE.NS?period1=1751760000&period2=1783382400&interval=1d&events=div%2Csplits%2Chistory&includeAdjustedClose=true,2026-07-06T07:37:23.266692+00:00
2025-09-10,SBILIFE,SBILIFE.NS,1804.9000244140625,1843.5999755859375,1796.0,1833.699951171875,1831.1544189453125,0.9986118054783523,881560,Yahoo Finance automated fallback,https://query1.finance.yahoo.com/v8/finance/chart/SBILIFE.NS?period1=1751760000&period2=1783382400&interval=1d&events=div%2Csplits%2Chistory&includeAdjustedClose=true,2026-07-06T07:37:23.266692+00:00
2025-09-11,SBILIFE,SBILIFE.NS,1824.800048828125,1824.9000244140625,1802.0,1814.199951171875,1811.6815185546875,0.9986118219132567,663203,Yahoo Finance automated fallback,https://query1.finance.yahoo.com/v8/finance/chart/SBILIFE.NS?period1=1751760000&period2=1783382400&interval=1d&events=div%2Csplits%2Chistory&includeAdjustedClose=true,2026-07-06T07:37:23.266692+00:00
2025-09-12,SBILIFE,SBILIFE.NS,1814.199951171875,1834.5,1803.5999755859375,1830.199951171875,1827.6593017578125,0.9986118186636188,509725,Yahoo Finance automated fallback,https://query1.finance.yahoo.com/v8/finance/chart/SBILIFE.NS?period1=1751760000&period2=1783382400&interval=1d&events=div%2Csplits%2Chistory&includeAdjustedClose=true,2026-07-06T07:37:23.266692+00:00
2025-09-15,SBILIFE,SBILIFE.NS,1830.0999755859375,1833.0,1812.300048828125,1822.199951171875,1819.67041015625,0.9986118202813044,485383,Yahoo Finance automated fallback,https://query1.finance.yahoo.com/v8/finance/chart/SBILIFE.NS?period1=1751760000&period2=1783382400&interval=1d&events=div%2Csplits%2Chistory&includeAdjustedClose=true,2026-07-06T07:37:23.266692+00:00
2025-09-16,SBILIFE,SBILIFE.NS,1830.4000244140625,1832.9000244140625,1810.0,1818.800048828125,1816.275146484375,0.9986117757444658,496743,Yahoo Finance automated fallback,https://query1.finance.yahoo.com/v8/finance/chart/SBILIFE.NS?period1=1751760000&period2=1783382400&interval=1d&events=div%2Csplits%2Chistory&includeAdjustedClose=true,2026-07-06T07:37:23.266692+00:00
2025-09-17,SBILIFE,SBILIFE.NS,1810.0999755859375,1827.5,1800.699951171875,1804.0,1801.4957275390625,0.9986118223608994,706812,Yahoo Finance automated fallback,https://query1.finance.yahoo.com/v8/finance/chart/SBILIFE.NS?period1=1751760000&period2=1783382400&interval=1d&events=div%2Csplits%2Chistory&includeAdjustedClose=true,2026-07-06T07:37:23.266692+00:00
2025-09-18,SBILIFE,SBILIFE.NS,1804.9000244140625,1831.0,1795.300048828125,1821.800048828125,1819.27099609375,0.9986117835840427,817549,Yahoo Finance automated fallback,https://query1.finance.yahoo.com/v8/finance/chart/SBILIFE.NS?period1=1751760000&period2=1783382400&interval=1d&events=div%2Csplits%2Chistory&includeAdjustedClose=true,2026-07-06T07:37:23.266692+00:00
2025-09-19,SBILIFE,SBILIFE.NS,1828.0,1846.9000244140625,1821.800048828125,1841.699951171875,1839.143310546875,0.9986118039350692,1633208,Yahoo Finance automated fallback,https://query1.finance.yahoo.com/v8/finance/chart/SBILIFE.NS?period1=1751760000&period2=1783382400&interval=1d&events=div%2Csplits%2Chistory&includeAdjustedClose=true,2026-07-06T07:37:23.266692+00:00
2025-09-22,SBILIFE,SBILIFE.NS,1855.0,1879.699951171875,1852.800048828125,1857.699951171875,1855.12109375,0.9986118008883791,1003774,Yahoo Finance automated fallback,https://query1.finance.yahoo.com/v8/finance/chart/SBILIFE.NS?period1=1751760000&period2=1783382400&interval=1d&events=div%2Csplits%2Chistory&includeAdjustedClose=true,2026-07-06T07:37:23.266692+00:00
2025-09-23,SBILIFE,SBILIFE.NS,1865.0,1865.699951171875,1815.4000244140625,1819.4000244140625,1816.8743896484375,0.9986118309707958,737343,Yahoo Finance automated fallback,https://query1.finance.yahoo.com/v8/finance/chart/SBILIFE.NS?period1=1751760000&period2=1783382400&interval=1d&events=div%2Csplits%2Chistory&includeAdjustedClose=true,2026-07-06T07:37:23.266692+00:00
2025-09-24,SBILIFE,SBILIFE.NS,1824.9000244140625,1825.4000244140625,1806.0,1817.0999755859375,1814.5775146484375,0.9986118204989317,507030,Yahoo Finance automated fallback,https://query1.finance.yahoo.com/v8/finance/chart/SBILIFE.NS?period1=1751760000&period2=1783382400&interval=1d&events=div%2Csplits%2Chistory&includeAdjustedClose=true,2026-07-06T07:37:23.266692+00:00
2025-09-25,SBILIFE,SBILIFE.NS,1810.0999755859375,1819.699951171875,1797.5,1809.800048828125,1807.2877197265625,0.9986118195194054,1003709,Yahoo Finance automated fallback,https://query1.finance.yahoo.com/v8/finance/chart/SBILIFE.NS?period1=1751760000&period2=1783382400&interval=1d&events=div%2Csplits%2Chistory&includeAdjustedClose=true,2026-07-06T07:37:23.266692+00:00
2025-09-26,SBILIFE,SBILIFE.NS,1807.4000244140625,1819.0,1790.0,1798.800048828125,1796.302978515625,0.9986118132951315,1561042,Yahoo Finance automated fallback,https://query1.finance.yahoo.com/v8/finance/chart/SBILIFE.NS?period1=1751760000&period2=1783382400&interval=1d&events=div%2Csplits%2Chistory&includeAdjustedClose=true,2026-07-06T07:37:23.266692+00:00
2025-09-29,SBILIFE,SBILIFE.NS,1814.0,1814.0,1785.0,1788.699951171875,1786.2169189453125,0.9986118229471993,1003806,Yahoo Finance automated fallback,https://query1.finance.yahoo.com/v8/finance/chart/SBILIFE.NS?period1=1751760000&period2=1783382400&interval=1d&events=div%2Csplits%2Chistory&includeAdjustedClose=true,2026-07-06T07:37:23.266692+00:00
2025-09-30,SBILIFE,SBILIFE.NS,1783.0,1795.699951171875,1778.0,1790.5999755859375,1788.1142578125,0.9986117961536194,1668918,Yahoo Finance automated fallback,https://query1.finance.yahoo.com/v8/finance/chart/SBILIFE.NS?period1=1751760000&period2=1783382400&interval=1d&events=div%2Csplits%2Chistory&includeAdjustedClose=true,2026-07-06T07:37:23.266692+00:00
2025-10-01,SBILIFE,SBILIFE.NS,1783.0,1806.5,1769.0999755859375,1801.0999755859375,1798.5997314453125,0.9986118237885092,704858,Yahoo Finance automated fallback,https://query1.finance.yahoo.com/v8/finance/chart/SBILIFE.NS?period1=1751760000&period2=1783382400&interval=1d&events=div%2Csplits%2Chistory&includeAdjustedClose=true,2026-07-06T07:37:23.266692+00:00
2025-10-03,SBILIFE,SBILIFE.NS,1801.0999755859375,1803.199951171875,1766.199951171875,1785.0999755859375,1782.6219482421875,0.9986118271370562,715403,Yahoo Finance automated fallback,https://query1.finance.yahoo.com/v8/finance/chart/SBILIFE.NS?period1=1751760000&period2=1783382400&interval=1d&events=div%2Csplits%2Chistory&includeAdjustedClose=true,2026-07-06T07:37:23.266692+00:00
2025-10-06,SBILIFE,SBILIFE.NS,1776.0,1784.199951171875,1759.4000244140625,1770.9000244140625,1768.441650390625,0.9986117940089526,1560572,Yahoo Finance automated fallback,https://query1.finance.yahoo.com/v8/finance/chart/SBILIFE.NS?period1=1751760000&period2=1783382400&interval=1d&events=div%2Csplits%2Chistory&includeAdjustedClose=true,2026-07-06T07:37:23.266692+00:00
2025-10-07,SBILIFE,SBILIFE.NS,1777.0,1793.699951171875,1771.300048828125,1784.0999755859375,1781.623291015625,0.9986118016903738,859968,Yahoo Finance automated fallback,https://query1.finance.yahoo.com/v8/finance/chart/SBILIFE.NS?period1=1751760000&period2=1783382400&interval=1d&events=div%2Csplits%2Chistory&includeAdjustedClose=true,2026-07-06T07:37:23.266692+00:00
2025-10-08,SBILIFE,SBILIFE.NS,1784.0,1795.9000244140625,1757.699951171875,1772.9000244140625,1770.4388427734375,0.9986117764077315,1323877,Yahoo Finance automated fallback,https://query1.finance.yahoo.com/v8/finance/chart/SBILIFE.NS?period1=1751760000&period2=1783382400&interval=1d&events=div%2Csplits%2Chistory&includeAdjustedClose=true,2026-07-06T07:37:23.266692+00:00
2025-10-09,SBILIFE,SBILIFE.NS,1772.9000244140625,1813.4000244140625,1770.5999755859375,1809.800048828125,1807.2877197265625,0.9986118195194054,848466,Yahoo Finance automated fallback,https://query1.finance.yahoo.com/v8/finance/chart/SBILIFE.NS?period1=1751760000&period2=1783382400&interval=1d&events=div%2Csplits%2Chistory&includeAdjustedClose=true,2026-07-06T07:37:23.266692+00:00
2025-10-10,SBILIFE,SBILIFE.NS,1825.0,1843.699951171875,1806.4000244140625,1810.4000244140625,1807.8868408203125,0.9986118075785139,1097936,Yahoo Finance automated fallback,https://query1.finance.yahoo.com/v8/finance/chart/SBILIFE.NS?period1=1751760000&period2=1783382400&interval=1d&events=div%2Csplits%2Chistory&includeAdjustedClose=true,2026-07-06T07:37:23.266692+00:00
2025-10-13,SBILIFE,SBILIFE.NS,1810.0,1827.9000244140625,1798.0999755859375,1815.300048828125,1812.780029296875,0.9986117889806279,409793,Yahoo Finance automated fallback,https://query1.finance.yahoo.com/v8/finance/chart/SBILIFE.NS?period1=1751760000&period2=1783382400&interval=1d&events=div%2Csplits%2Chistory&includeAdjustedClose=true,2026-07-06T07:37:23.266692+00:00
2025-10-14,SBILIFE,SBILIFE.NS,1817.4000244140625,1825.800048828125,1807.5999755859375,1816.199951171875,1813.6787109375,0.9986118047009371,655909,Yahoo Finance automated fallback,https://query1.finance.yahoo.com/v8/finance/chart/SBILIFE.NS?period1=1751760000&period2=1783382400&interval=1d&events=div%2Csplits%2Chistory&includeAdjustedClose=true,2026-07-06T07:37:23.266692+00:00
2025-10-15,SBILIFE,SBILIFE.NS,1816.0999755859375,1858.4000244140625,1813.4000244140625,1840.5999755859375,1838.044921875,0.9986118364963446,891713,Yahoo Finance automated fallback,https://query1.finance.yahoo.com/v8/finance/chart/SBILIFE.NS?period1=1751760000&period2=1783382400&interval=1d&events=div%2Csplits%2Chistory&includeAdjustedClose=true,2026-07-06T07:37:23.266692+00:00
2025-10-16,SBILIFE,SBILIFE.NS,1842.5999755859375,1844.9000244140625,1809.5,1835.699951171875,1833.151611328125,0.998611788466779,969316,Yahoo Finance automated fallback,https://query1.finance.yahoo.com/v8/finance/chart/SBILIFE.NS?period1=1751760000&period2=1783382400&interval=1d&events=div%2Csplits%2Chistory&includeAdjustedClose=true,2026-07-06T07:37:23.266692+00:00
2025-10-17,SBILIFE,SBILIFE.NS,1844.0,1852.4000244140625,1820.0999755859375,1844.0999755859375,1841.5400390625,0.9986118233515924,1183570,Yahoo Finance automated fallback,https://query1.finance.yahoo.com/v8/finance/chart/SBILIFE.NS?period1=1751760000&period2=1783382400&interval=1d&events=div%2Csplits%2Chistory&includeAdjustedClose=true,2026-07-06T07:37:23.266692+00:00
2025-10-20,SBILIFE,SBILIFE.NS,1850.0,1857.199951171875,1828.0,1839.699951171875,1837.1461181640625,0.9986118209079771,590467,Yahoo Finance automated fallback,https://query1.finance.yahoo.com/v8/finance/chart/SBILIFE.NS?period1=1751760000&period2=1783382400&interval=1d&events=div%2Csplits%2Chistory&includeAdjustedClose=true,2026-07-06T07:37:23.266692+00:00
2025-10-21,SBILIFE,SBILIFE.NS,1852.0,1852.0,1832.5,1841.0,1838.4443359375,0.9986118065928843,41649,Yahoo Finance automated fallback,https://query1.finance.yahoo.com/v8/finance/chart/SBILIFE.NS?period1=1751760000&period2=1783382400&interval=1d&events=div%2Csplits%2Chistory&includeAdjustedClose=true,2026-07-06T07:37:23.266692+00:00
2025-10-23,SBILIFE,SBILIFE.NS,1850.0,1864.199951171875,1841.0,1852.699951171875,1850.1280517578125,0.9986118100707911,543795,Yahoo Finance automated fallback,https://query1.finance.yahoo.com/v8/finance/chart/SBILIFE.NS?period1=1751760000&period2=1783382400&interval=1d&events=div%2Csplits%2Chistory&includeAdjustedClose=true,2026-07-06T07:37:23.266692+00:00
2025-10-24,SBILIFE,SBILIFE.NS,1860.0,1864.0,1831.800048828125,1839.800048828125,1837.24609375,0.9986118300846053,517403,Yahoo Finance automated fallback,https://query1.finance.yahoo.com/v8/finance/chart/SBILIFE.NS?period1=1751760000&period2=1783382400&interval=1d&events=div%2Csplits%2Chistory&includeAdjustedClose=true,2026-07-06T07:37:23.266692+00:00
2025-10-27,SBILIFE,SBILIFE.NS,1880.199951171875,1923.9000244140625,1880.199951171875,1903.0999755859375,1900.4581298828125,0.9986118198008428,2866910,Yahoo Finance automated fallback,https://query1.finance.yahoo.com/v8/finance/chart/SBILIFE.NS?period1=1751760000&period2=1783382400&interval=1d&events=div%2Csplits%2Chistory&includeAdjustedClose=true,2026-07-06T07:37:23.266692+00:00
2025-10-28,SBILIFE,SBILIFE.NS,1903.0999755859375,1945.5999755859375,1894.800048828125,1936.800048828125,1934.1114501953125,0.9986118346938089,2166517,Yahoo Finance automated fallback,https://query1.finance.yahoo.com/v8/finance/chart/SBILIFE.NS?period1=1751760000&period2=1783382400&interval=1d&events=div%2Csplits%2Chistory&includeAdjustedClose=true,2026-07-06T07:37:23.266692+00:00
2025-10-29,SBILIFE,SBILIFE.NS,1934.0,1975.0,1934.0,1970.4000244140625,1967.6646728515625,0.9986117785583598,2398496,Yahoo Finance automated fallback,https://query1.finance.yahoo.com/v8/finance/chart/SBILIFE.NS?period1=1751760000&period2=1783382400&interval=1d&events=div%2Csplits%2Chistory&includeAdjustedClose=true,2026-07-06T07:37:23.266692+00:00
2025-10-30,SBILIFE,SBILIFE.NS,1970.4000244140625,1971.9000244140625,1954.0999755859375,1968.4000244140625,1965.66748046875,0.9986117943957423,842738,Yahoo Finance automated fallback,https://query1.finance.yahoo.com/v8/finance/chart/SBILIFE.NS?period1=1751760000&period2=1783382400&interval=1d&events=div%2Csplits%2Chistory&includeAdjustedClose=true,2026-07-06T07:37:23.266692+00:00
2025-10-31,SBILIFE,SBILIFE.NS,1965.0,1978.699951171875,1951.800048828125,1955.699951171875,1952.985107421875,0.9986118301284544,1167506,Yahoo Finance automated fallback,https://query1.finance.yahoo.com/v8/finance/chart/SBILIFE.NS?period1=1751760000&period2=1783382400&interval=1d&events=div%2Csplits%2Chistory&includeAdjustedClose=true,2026-07-06T07:37:23.266692+00:00
2025-11-03,SBILIFE,SBILIFE.NS,1950.0,1982.199951171875,1945.0,1969.5999755859375,1966.8658447265625,0.9986118344368066,687299,Yahoo Finance automated fallback,https://query1.finance.yahoo.com/v8/finance/chart/SBILIFE.NS?period1=1751760000&period2=1783382400&interval=1d&events=div%2Csplits%2Chistory&includeAdjustedClose=true,2026-07-06T07:37:23.266692+00:00
2025-11-04,SBILIFE,SBILIFE.NS,1959.0999755859375,1997.300048828125,1956.9000244140625,1971.5,1968.76318359375,0.998611810090667,664256,Yahoo Finance automated fallback,https://query1.finance.yahoo.com/v8/finance/chart/SBILIFE.NS?period1=1751760000&period2=1783382400&interval=1d&events=div%2Csplits%2Chistory&includeAdjustedClose=true,2026-07-06T07:37:23.266692+00:00
2025-11-06,SBILIFE,SBILIFE.NS,1976.9000244140625,1990.800048828125,1964.0,1970.800048828125,1968.064208984375,0.9986118125756204,1094086,Yahoo Finance automated fallback,https://query1.finance.yahoo.com/v8/finance/chart/SBILIFE.NS?period1=1751760000&period2=1783382400&interval=1d&events=div%2Csplits%2Chistory&includeAdjustedClose=true,2026-07-06T07:37:23.266692+00:00
2025-11-07,SBILIFE,SBILIFE.NS,1962.0999755859375,2004.0,1957.699951171875,1998.9000244140625,1996.1251220703125,0.9986117853270008,1241016,Yahoo Finance automated fallback,https://query1.finance.yahoo.com/v8/finance/chart/SBILIFE.NS?period1=1751760000&period2=1783382400&interval=1d&events=div%2Csplits%2Chistory&includeAdjustedClose=true,2026-07-06T07:37:23.266692+00:00
2025-11-10,SBILIFE,SBILIFE.NS,2000.0999755859375,2017.9000244140625,1985.199951171875,1989.300048828125,1986.53857421875,0.9986118360520818,1087154,Yahoo Finance automated fallback,https://query1.finance.yahoo.com/v8/finance/chart/SBILIFE.NS?period1=1751760000&period2=1783382400&interval=1d&events=div%2Csplits%2Chistory&includeAdjustedClose=true,2026-07-06T07:37:23.266692+00:00
2025-11-11,SBILIFE,SBILIFE.NS,1994.9000244140625,2002.199951171875,1982.300048828125,1997.300048828125,1994.5274658203125,0.9986118345065684,901898,Yahoo Finance automated fallback,https://query1.finance.yahoo.com/v8/finance/chart/SBILIFE.NS?period1=1751760000&period2=1783382400&interval=1d&events=div%2Csplits%2Chistory&includeAdjustedClose=true,2026-07-06T07:37:23.266692+00:00
2025-11-12,SBILIFE,SBILIFE.NS,1997.300048828125,2009.0,1983.800048828125,1996.699951171875,1993.9281005859375,0.9986117841169322,1006737,Yahoo Finance automated fallback,https://query1.finance.yahoo.com/v8/finance/chart/SBILIFE.NS?period1=1751760000&period2=1783382400&interval=1d&events=div%2Csplits%2Chistory&includeAdjustedClose=true,2026-07-06T07:37:23.266692+00:00
2025-11-13,SBILIFE,SBILIFE.NS,1980.5999755859375,2005.0,1975.5,1987.9000244140625,1985.140380859375,0.9986117795056112,671028,Yahoo Finance automated fallback,https://query1.finance.yahoo.com/v8/finance/chart/SBILIFE.NS?period1=1751760000&period2=1783382400&interval=1d&events=div%2Csplits%2Chistory&includeAdjustedClose=true,2026-07-06T07:37:23.266692+00:00
2025-11-14,SBILIFE,SBILIFE.NS,1982.5999755859375,2003.9000244140625,1977.800048828125,2000.9000244140625,1998.1224365234375,0.9986118307477965,678599,Yahoo Finance automated fallback,https://query1.finance.yahoo.com/v8/finance/chart/SBILIFE.NS?period1=1751760000&period2=1783382400&interval=1d&events=div%2Csplits%2Chistory&includeAdjustedClose=true,2026-07-06T07:37:23.266692+00:00
2025-11-17,SBILIFE,SBILIFE.NS,2000.9000244140625,2012.9000244140625,1993.300048828125,1996.0,1993.2291259765625,0.998611786561404,726715,Yahoo Finance automated fallback,https://query1.finance.yahoo.com/v8/finance/chart/SBILIFE.NS?period1=1751760000&period2=1783382400&interval=1d&events=div%2Csplits%2Chistory&includeAdjustedClose=true,2026-07-06T07:37:23.266692+00:00
2025-11-18,SBILIFE,SBILIFE.NS,1991.0999755859375,2013.5,1988.0,1993.300048828125,1990.532958984375,0.9986118046576196,855558,Yahoo Finance automated fallback,https://query1.finance.yahoo.com/v8/finance/chart/SBILIFE.NS?period1=1751760000&period2=1783382400&interval=1d&events=div%2Csplits%2Chistory&includeAdjustedClose=true,2026-07-06T07:37:23.266692+00:00
2025-11-19,SBILIFE,SBILIFE.NS,1990.9000244140625,2008.300048828125,1985.0,2004.800048828125,2002.0169677734375,0.9986117912076498,894171,Yahoo Finance automated fallback,https://query1.finance.yahoo.com/v8/finance/chart/SBILIFE.NS?period1=1751760000&period2=1783382400&interval=1d&events=div%2Csplits%2Chistory&includeAdjustedClose=true,2026-07-06T07:37:23.266692+00:00
2025-11-20,SBILIFE,SBILIFE.NS,2013.9000244140625,2032.0,2000.0,2027.0999755859375,2024.2860107421875,0.9986118273012476,805778,Yahoo Finance automated fallback,https://query1.finance.yahoo.com/v8/finance/chart/SBILIFE.NS?period1=1751760000&period2=1783382400&interval=1d&events=div%2Csplits%2Chistory&includeAdjustedClose=true,2026-07-06T07:37:23.266692+00:00
2025-11-21,SBILIFE,SBILIFE.NS,2026.9000244140625,2030.5,2016.5999755859375,2022.5,2019.6923828125,0.9986118085599506,506477,Yahoo Finance automated fallback,https://query1.finance.yahoo.com/v8/finance/chart/SBILIFE.NS?period1=1751760000&period2=1783382400&interval=1d&events=div%2Csplits%2Chistory&includeAdjustedClose=true,2026-07-06T07:37:23.266692+00:00
2025-11-24,SBILIFE,SBILIFE.NS,2027.0,2086.60009765625,2005.0,2014.800048828125,2012.003173828125,0.9986118349552221,2592739,Yahoo Finance automated fallback,https://query1.finance.yahoo.com/v8/finance/chart/SBILIFE.NS?period1=1751760000&period2=1783382400&interval=1d&events=div%2Csplits%2Chistory&includeAdjustedClose=true,2026-07-06T07:37:23.266692+00:00
2025-11-25,SBILIFE,SBILIFE.NS,1972.4000244140625,2044.0,1972.4000244140625,2031.0,2028.1805419921875,0.9986117882777881,748087,Yahoo Finance automated fallback,https://query1.finance.yahoo.com/v8/finance/chart/SBILIFE.NS?period1=1751760000&period2=1783382400&interval=1d&events=div%2Csplits%2Chistory&includeAdjustedClose=true,2026-07-06T07:37:23.266692+00:00
2025-11-26,SBILIFE,SBILIFE.NS,2031.0,2045.0,2024.0,2029.0999755859375,2026.283203125,0.998611811889592,826123,Yahoo Finance automated fallback,https://query1.finance.yahoo.com/v8/finance/chart/SBILIFE.NS?period1=1751760000&period2=1783382400&interval=1d&events=div%2Csplits%2Chistory&includeAdjustedClose=true,2026-07-06T07:37:23.266692+00:00
2025-11-27,SBILIFE,SBILIFE.NS,2030.0,2036.0,2000.800048828125,2004.5,2001.7174072265625,0.9986118270025256,652128,Yahoo Finance automated fallback,https://query1.finance.yahoo.com/v8/finance/chart/SBILIFE.NS?period1=1751760000&period2=1783382400&interval=1d&events=div%2Csplits%2Chistory&includeAdjustedClose=true,2026-07-06T07:37:23.266692+00:00
2025-11-28,SBILIFE,SBILIFE.NS,2011.0,2011.0999755859375,1961.0,1966.0,1963.2708740234375,0.9986118382621757,1011160,Yahoo Finance automated fallback,https://query1.finance.yahoo.com/v8/finance/chart/SBILIFE.NS?period1=1751760000&period2=1783382400&interval=1d&events=div%2Csplits%2Chistory&includeAdjustedClose=true,2026-07-06T07:37:23.266692+00:00
2025-12-01,SBILIFE,SBILIFE.NS,1967.0,1977.0,1951.199951171875,1971.5999755859375,1968.863037109375,0.998611818568445,483716,Yahoo Finance automated fallback,https://query1.finance.yahoo.com/v8/finance/chart/SBILIFE.NS?period1=1751760000&period2=1783382400&interval=1d&events=div%2Csplits%2Chistory&includeAdjustedClose=true,2026-07-06T07:37:23.266692+00:00
2025-12-02,SBILIFE,SBILIFE.NS,1952.0,1989.9000244140625,1952.0,1981.5,1978.749267578125,0.9986117928731391,942591,Yahoo Finance automated fallback,https://query1.finance.yahoo.com/v8/finance/chart/SBILIFE.NS?period1=1751760000&period2=1783382400&interval=1d&events=div%2Csplits%2Chistory&includeAdjustedClose=true,2026-07-06T07:37:23.266692+00:00
2025-12-03,SBILIFE,SBILIFE.NS,1982.0,1991.0,1959.9000244140625,1972.800048828125,1970.0614013671875,0.9986117967390743,515105,Yahoo Finance automated fallback,https://query1.finance.yahoo.com/v8/finance/chart/SBILIFE.NS?period1=1751760000&period2=1783382400&interval=1d&events=div%2Csplits%2Chistory&includeAdjustedClose=true,2026-07-06T07:37:23.266692+00:00
2025-12-04,SBILIFE,SBILIFE.NS,1970.199951171875,2009.0,1959.0,2002.9000244140625,2000.11962890625,0.9986118151310993,660360,Yahoo Finance automated fallback,https://query1.finance.yahoo.com/v8/finance/chart/SBILIFE.NS?period1=1751760000&period2=1783382400&interval=1d&events=div%2Csplits%2Chistory&includeAdjustedClose=true,2026-07-06T07:37:23.266692+00:00
2025-12-05,SBILIFE,SBILIFE.NS,2003.0,2046.300048828125,2000.699951171875,2023.699951171875,2020.890625,0.9986117872018289,749526,Yahoo Finance automated fallback,https://query1.finance.yahoo.com/v8/finance/chart/SBILIFE.NS?period1=1751760000&period2=1783382400&interval=1d&events=div%2Csplits%2Chistory&includeAdjustedClose=true,2026-07-06T07:37:23.266692+00:00
2025-12-08,SBILIFE,SBILIFE.NS,2005.0,2036.0,2005.0,2020.699951171875,2017.894775390625,0.9986117801509209,1050200,Yahoo Finance automated fallback,https://query1.finance.yahoo.com/v8/finance/chart/SBILIFE.NS?period1=1751760000&period2=1783382400&interval=1d&events=div%2Csplits%2Chistory&includeAdjustedClose=true,2026-07-06T07:37:23.266692+00:00
2025-12-09,SBILIFE,SBILIFE.NS,2019.0,2028.199951171875,1990.4000244140625,2006.199951171875,2003.4149169921875,0.9986117863386146,887191,Yahoo Finance automated fallback,https://query1.finance.yahoo.com/v8/finance/chart/SBILIFE.NS?period1=1751760000&period2=1783382400&interval=1d&events=div%2Csplits%2Chistory&includeAdjustedClose=true,2026-07-06T07:37:23.266692+00:00
2025-12-10,SBILIFE,SBILIFE.NS,1996.0,2030.800048828125,1994.5999755859375,2014.5,2011.7034912109375,0.9986118099830913,598172,Yahoo Finance automated fallback,https://query1.finance.yahoo.com/v8/finance/chart/SBILIFE.NS?period1=1751760000&period2=1783382400&interval=1d&events=div%2Csplits%2Chistory&includeAdjustedClose=true,2026-07-06T07:37:23.266692+00:00
2025-12-11,SBILIFE,SBILIFE.NS,2006.0999755859375,2017.5999755859375,1995.5,2006.9000244140625,2004.114013671875,0.998611783991083,635250,Yahoo Finance automated fallback,https://query1.finance.yahoo.com/v8/finance/chart/SBILIFE.NS?period1=1751760000&period2=1783382400&interval=1d&events=div%2Csplits%2Chistory&includeAdjustedClose=true,2026-07-06T07:37:23.266692+00:00
2025-12-12,SBILIFE,SBILIFE.NS,2012.0,2030.4000244140625,2002.4000244140625,2025.9000244140625,2023.087646484375,0.9986117883924204,557472,Yahoo Finance automated fallback,https://query1.finance.yahoo.com/v8/finance/chart/SBILIFE.NS?period1=1751760000&period2=1783382400&interval=1d&events=div%2Csplits%2Chistory&includeAdjustedClose=true,2026-07-06T07:37:23.266692+00:00
2025-12-15,SBILIFE,SBILIFE.NS,2030.0999755859375,2040.0,2008.0,2034.9000244140625,2032.0751953125,0.9986118093922693,565860,Yahoo Finance automated fallback,https://query1.finance.yahoo.com/v8/finance/chart/SBILIFE.NS?period1=1751760000&period2=1783382400&interval=1d&events=div%2Csplits%2Chistory&includeAdjustedClose=true,2026-07-06T07:37:23.266692+00:00
2025-12-16,SBILIFE,SBILIFE.NS,2034.9000244140625,2052.199951171875,2021.0,2036.0,2033.173583984375,0.998611779953033,815797,Yahoo Finance automated fallback,https://query1.finance.yahoo.com/v8/finance/chart/SBILIFE.NS?period1=1751760000&period2=1783382400&interval=1d&events=div%2Csplits%2Chistory&includeAdjustedClose=true,2026-07-06T07:37:23.266692+00:00
2025-12-17,SBILIFE,SBILIFE.NS,2039.4000244140625,2048.699951171875,1995.5,2010.199951171875,2007.409423828125,0.9986118160324682,896027,Yahoo Finance automated fallback,https://query1.finance.yahoo.com/v8/finance/chart/SBILIFE.NS?period1=1751760000&period2=1783382400&interval=1d&events=div%2Csplits%2Chistory&includeAdjustedClose=true,2026-07-06T07:37:23.266692+00:00
2025-12-18,SBILIFE,SBILIFE.NS,2018.0,2020.4000244140625,2001.5999755859375,2014.4000244140625,2011.6036376953125,0.9986118016854356,301399,Yahoo Finance automated fallback,https://query1.finance.yahoo.com/v8/finance/chart/SBILIFE.NS?period1=1751760000&period2=1783382400&interval=1d&events=div%2Csplits%2Chistory&includeAdjustedClose=true,2026-07-06T07:37:23.266692+00:00
2025-12-19,SBILIFE,SBILIFE.NS,2014.5,2035.5,2012.4000244140625,2028.4000244140625,2025.584228515625,0.9986118143046016,751874,Yahoo Finance automated fallback,https://query1.finance.yahoo.com/v8/finance/chart/SBILIFE.NS?period1=1751760000&period2=1783382400&interval=1d&events=div%2Csplits%2Chistory&includeAdjustedClose=true,2026-07-06T07:37:23.266692+00:00
2025-12-22,SBILIFE,SBILIFE.NS,2027.699951171875,2031.0999755859375,2013.0999755859375,2022.300048828125,2019.49267578125,0.9986117920293273,526892,Yahoo Finance automated fallback,https://query1.finance.yahoo.com/v8/finance/chart/SBILIFE.NS?period1=1751760000&period2=1783382400&interval=1d&events=div%2Csplits%2Chistory&includeAdjustedClose=true,2026-07-06T07:37:23.266692+00:00
2025-12-23,SBILIFE,SBILIFE.NS,2032.199951171875,2032.199951171875,2018.300048828125,2024.800048828125,2021.9892578125,0.9986118179830884,290105,Yahoo Finance automated fallback,https://query1.finance.yahoo.com/v8/finance/chart/SBILIFE.NS?period1=1751760000&period2=1783382400&interval=1d&events=div%2Csplits%2Chistory&includeAdjustedClose=true,2026-07-06T07:37:23.266692+00:00
2025-12-24,SBILIFE,SBILIFE.NS,2029.199951171875,2033.5999755859375,2020.199951171875,2025.4000244140625,2022.58837890625,0.9986118073101999,353971,Yahoo Finance automated fallback,https://query1.finance.yahoo.com/v8/finance/chart/SBILIFE.NS?period1=1751760000&period2=1783382400&interval=1d&events=div%2Csplits%2Chistory&includeAdjustedClose=true,2026-07-06T07:37:23.266692+00:00
2025-12-26,SBILIFE,SBILIFE.NS,2025.4000244140625,2034.9000244140625,2004.0999755859375,2019.0999755859375,2016.297119140625,0.9986118287954022,180039,Yahoo Finance automated fallback,https://query1.finance.yahoo.com/v8/finance/chart/SBILIFE.NS?period1=1751760000&period2=1783382400&interval=1d&events=div%2Csplits%2Chistory&includeAdjustedClose=true,2026-07-06T07:37:23.266692+00:00
2025-12-29,SBILIFE,SBILIFE.NS,2026.699951171875,2026.699951171875,2006.5999755859375,2009.800048828125,2007.010009765625,0.9986117827670833,407998,Yahoo Finance automated fallback,https://query1.finance.yahoo.com/v8/finance/chart/SBILIFE.NS?period1=1751760000&period2=1783382400&interval=1d&events=div%2Csplits%2Chistory&includeAdjustedClose=true,2026-07-06T07:37:23.266692+00:00
2025-12-30,SBILIFE,SBILIFE.NS,2009.800048828125,2019.800048828125,1968.199951171875,1995.5,1992.7298583984375,0.9986118057621837,3166927,Yahoo Finance automated fallback,https://query1.finance.yahoo.com/v8/finance/chart/SBILIFE.NS?period1=1751760000&period2=1783382400&interval=1d&events=div%2Csplits%2Chistory&includeAdjustedClose=true,2026-07-06T07:37:23.266692+00:00
2025-12-31,SBILIFE,SBILIFE.NS,2010.199951171875,2043.5,1992.5,2034.9000244140625,2032.0751953125,0.9986118093922693,751134,Yahoo Finance automated fallback,https://query1.finance.yahoo.com/v8/finance/chart/SBILIFE.NS?period1=1751760000&period2=1783382400&interval=1d&events=div%2Csplits%2Chistory&includeAdjustedClose=true,2026-07-06T07:37:23.266692+00:00
2026-01-01,SBILIFE,SBILIFE.NS,2034.9000244140625,2045.9000244140625,2027.199951171875,2040.4000244140625,2037.5675048828125,0.9986117822498736,235630,Yahoo Finance automated fallback,https://query1.finance.yahoo.com/v8/finance/chart/SBILIFE.NS?period1=1751760000&period2=1783382400&interval=1d&events=div%2Csplits%2Chistory&includeAdjustedClose=true,2026-07-06T07:37:23.266692+00:00
2026-01-02,SBILIFE,SBILIFE.NS,2040.4000244140625,2077.300048828125,2040.0,2067.39990234375,2064.530029296875,0.9986118442573101,472182,Yahoo Finance automated fallback,https://query1.finance.yahoo.com/v8/finance/chart/SBILIFE.NS?period1=1751760000&period2=1783382400&interval=1d&events=div%2Csplits%2Chistory&includeAdjustedClose=true,2026-07-06T07:37:23.266692+00:00
2026-01-05,SBILIFE,SBILIFE.NS,2067.39990234375,2094.89990234375,2063.199951171875,2075.60009765625,2072.71875,0.998611800192386,788144,Yahoo Finance automated fallback,https://query1.finance.yahoo.com/v8/finance/chart/SBILIFE.NS?period1=1751760000&period2=1783382400&interval=1d&events=div%2Csplits%2Chistory&includeAdjustedClose=true,2026-07-06T07:37:23.266692+00:00
2026-01-06,SBILIFE,SBILIFE.NS,2064.0,2106.0,2064.0,2095.800048828125,2092.890625,0.9986117836814863,618958,Yahoo Finance automated fallback,https://query1.finance.yahoo.com/v8/finance/chart/SBILIFE.NS?period1=1751760000&period2=1783382400&interval=1d&events=div%2Csplits%2Chistory&includeAdjustedClose=true,2026-07-06T07:37:23.266692+00:00
2026-01-07,SBILIFE,SBILIFE.NS,2090.0,2109.60009765625,2065.0,2070.800048828125,2067.92529296875,0.9986117656018978,1065734,Yahoo Finance automated fallback,https://query1.finance.yahoo.com/v8/finance/chart/SBILIFE.NS?period1=1751760000&period2=1783382400&interval=1d&events=div%2Csplits%2Chistory&includeAdjustedClose=true,2026-07-06T07:37:23.266692+00:00
2026-01-08,SBILIFE,SBILIFE.NS,2080.89990234375,2095.5,2067.699951171875,2082.89990234375,2080.008544921875,0.9986118596392359,956736,Yahoo Finance automated fallback,https://query1.finance.yahoo.com/v8/finance/chart/SBILIFE.NS?period1=1751760000&period2=1783382400&interval=1d&events=div%2Csplits%2Chistory&includeAdjustedClose=true,2026-07-06T07:37:23.266692+00:00
2026-01-09,SBILIFE,SBILIFE.NS,2093.800048828125,2093.89990234375,2065.0,2070.0,2067.12646484375,0.9986118187650966,455165,Yahoo Finance automated fallback,https://query1.finance.yahoo.com/v8/finance/chart/SBILIFE.NS?period1=1751760000&period2=1783382400&interval=1d&events=div%2Csplits%2Chistory&includeAdjustedClose=true,2026-07-06T07:37:23.266692+00:00
2026-01-12,SBILIFE,SBILIFE.NS,2085.0,2105.699951171875,2080.0,2098.0,2095.087646484375,0.9986118429382149,1051481,Yahoo Finance automated fallback,https://query1.finance.yahoo.com/v8/finance/chart/SBILIFE.NS?period1=1751760000&period2=1783382400&interval=1d&events=div%2Csplits%2Chistory&includeAdjustedClose=true,2026-07-06T07:37:23.266692+00:00
2026-01-13,SBILIFE,SBILIFE.NS,2090.0,2102.10009765625,2071.699951171875,2082.39990234375,2079.509033203125,0.998611760816272,425540,Yahoo Finance automated fallback,https://query1.finance.yahoo.com/v8/finance/chart/SBILIFE.NS?period1=1751760000&period2=1783382400&interval=1d&events=div%2Csplits%2Chistory&includeAdjustedClose=true,2026-07-06T07:37:23.266692+00:00
2026-01-14,SBILIFE,SBILIFE.NS,2070.199951171875,2082.0,2063.300048828125,2068.800048828125,2065.92822265625,0.9986118396635277,942775,Yahoo Finance automated fallback,https://query1.finance.yahoo.com/v8/finance/chart/SBILIFE.NS?period1=1751760000&period2=1783382400&interval=1d&events=div%2Csplits%2Chistory&includeAdjustedClose=true,2026-07-06T07:37:23.266692+00:00
2026-01-15,SBILIFE,SBILIFE.NS,2068.800048828125,2068.800048828125,2068.800048828125,2068.800048828125,2065.92822265625,0.9986118396635277,0,Yahoo Finance automated fallback,https://query1.finance.yahoo.com/v8/finance/chart/SBILIFE.NS?period1=1751760000&period2=1783382400&interval=1d&events=div%2Csplits%2Chistory&includeAdjustedClose=true,2026-07-06T07:37:23.266692+00:00
2026-01-16,SBILIFE,SBILIFE.NS,2062.0,2097.199951171875,2061.89990234375,2081.0,2078.111083984375,0.9986117654898486,753887,Yahoo Finance automated fallback,https://query1.finance.yahoo.com/v8/finance/chart/SBILIFE.NS?period1=1751760000&period2=1783382400&interval=1d&events=div%2Csplits%2Chistory&includeAdjustedClose=true,2026-07-06T07:37:23.266692+00:00
2026-01-19,SBILIFE,SBILIFE.NS,2066.199951171875,2095.60009765625,2066.199951171875,2073.699951171875,2070.8212890625,0.9986118232255596,552463,Yahoo Finance automated fallback,https://query1.finance.yahoo.com/v8/finance/chart/SBILIFE.NS?period1=1751760000&period2=1783382400&interval=1d&events=div%2Csplits%2Chistory&includeAdjustedClose=true,2026-07-06T07:37:23.266692+00:00
2026-01-20,SBILIFE,SBILIFE.NS,2080.0,2080.0,2044.0,2049.10009765625,2046.2554931640625,0.9986117786556932,576100,Yahoo Finance automated fallback,https://query1.finance.yahoo.com/v8/finance/chart/SBILIFE.NS?period1=1751760000&period2=1783382400&interval=1d&events=div%2Csplits%2Chistory&includeAdjustedClose=true,2026-07-06T07:37:23.266692+00:00
2026-01-21,SBILIFE,SBILIFE.NS,2038.199951171875,2076.800048828125,2038.199951171875,2055.39990234375,2052.546630859375,0.998611816862927,1014083,Yahoo Finance automated fallback,https://query1.finance.yahoo.com/v8/finance/chart/SBILIFE.NS?period1=1751760000&period2=1783382400&interval=1d&events=div%2Csplits%2Chistory&includeAdjustedClose=true,2026-07-06T07:37:23.266692+00:00
2026-01-22,SBILIFE,SBILIFE.NS,2056.10009765625,2067.10009765625,2009.300048828125,2022.0,2019.193115234375,0.9986118275145277,1829617,Yahoo Finance automated fallback,https://query1.finance.yahoo.com/v8/finance/chart/SBILIFE.NS?period1=1751760000&period2=1783382400&interval=1d&events=div%2Csplits%2Chistory&includeAdjustedClose=true,2026-07-06T07:37:23.266692+00:00
2026-01-23,SBILIFE,SBILIFE.NS,2022.0,2022.0,1986.300048828125,2002.5999755859375,1999.8199462890625,0.9986117900076067,1128576,Yahoo Finance automated fallback,https://query1.finance.yahoo.com/v8/finance/chart/SBILIFE.NS?period1=1751760000&period2=1783382400&interval=1d&events=div%2Csplits%2Chistory&includeAdjustedClose=true,2026-07-06T07:37:23.266692+00:00
2026-01-27,SBILIFE,SBILIFE.NS,2005.199951171875,2047.800048828125,2005.199951171875,2038.199951171875,2035.3704833984375,0.9986117810611218,1396624,Yahoo Finance automated fallback,https://query1.finance.yahoo.com/v8/finance/chart/SBILIFE.NS?period1=1751760000&period2=1783382400&interval=1d&events=div%2Csplits%2Chistory&includeAdjustedClose=true,2026-07-06T07:37:23.266692+00:00
2026-01-28,SBILIFE,SBILIFE.NS,2046.9000244140625,2079.39990234375,2037.5999755859375,2053.199951171875,2050.349609375,0.998611756348792,1391036,Yahoo Finance automated fallback,https://query1.finance.yahoo.com/v8/finance/chart/SBILIFE.NS?period1=1751760000&period2=1783382400&interval=1d&events=div%2Csplits%2Chistory&includeAdjustedClose=true,2026-07-06T07:37:23.266692+00:00
2026-01-29,SBILIFE,SBILIFE.NS,2057.39990234375,2065.0,1962.9000244140625,1996.300048828125,1993.52880859375,0.9986118117684755,3546891,Yahoo Finance automated fallback,https://query1.finance.yahoo.com/v8/finance/chart/SBILIFE.NS?period1=1751760000&period2=1783382400&interval=1d&events=div%2Csplits%2Chistory&includeAdjustedClose=true,2026-07-06T07:37:23.266692+00:00
2026-01-30,SBILIFE,SBILIFE.NS,1986.300048828125,2018.4000244140625,1951.5,1998.5,1995.7257080078125,0.9986118128635539,2050622,Yahoo Finance automated fallback,https://query1.finance.yahoo.com/v8/finance/chart/SBILIFE.NS?period1=1751760000&period2=1783382400&interval=1d&events=div%2Csplits%2Chistory&includeAdjustedClose=true,2026-07-06T07:37:23.266692+00:00
2026-02-02,SBILIFE,SBILIFE.NS,1972.5,2020.0,1955.5,2001.0,1998.22216796875,0.9986117780953273,1337964,Yahoo Finance automated fallback,https://query1.finance.yahoo.com/v8/finance/chart/SBILIFE.NS?period1=1751760000&period2=1783382400&interval=1d&events=div%2Csplits%2Chistory&includeAdjustedClose=true,2026-07-06T07:37:23.266692+00:00
2026-02-03,SBILIFE,SBILIFE.NS,2056.39990234375,2064.89990234375,1997.5999755859375,2002.0999755859375,1999.3206787109375,0.998611809145951,1915073,Yahoo Finance automated fallback,https://query1.finance.yahoo.com/v8/finance/chart/SBILIFE.NS?period1=1751760000&period2=1783382400&interval=1d&events=div%2Csplits%2Chistory&includeAdjustedClose=true,2026-07-06T07:37:23.266692+00:00
2026-02-04,SBILIFE,SBILIFE.NS,2002.0999755859375,2047.5,1995.800048828125,2041.699951171875,2038.86572265625,0.9986118290721424,1109824,Yahoo Finance automated fallback,https://query1.finance.yahoo.com/v8/finance/chart/SBILIFE.NS?period1=1751760000&period2=1783382400&interval=1d&events=div%2Csplits%2Chistory&includeAdjustedClose=true,2026-07-06T07:37:23.266692+00:00
2026-02-05,SBILIFE,SBILIFE.NS,2031.0,2045.300048828125,2005.300048828125,2017.800048828125,2014.9989013671875,0.9986117814485314,925742,Yahoo Finance automated fallback,https://query1.finance.yahoo.com/v8/finance/chart/SBILIFE.NS?period1=1751760000&period2=1783382400&interval=1d&events=div%2Csplits%2Chistory&includeAdjustedClose=true,2026-07-06T07:37:23.266692+00:00
2026-02-06,SBILIFE,SBILIFE.NS,2026.0,2029.9000244140625,1974.300048828125,1996.699951171875,1993.9281005859375,0.9986117841169322,884292,Yahoo Finance automated fallback,https://query1.finance.yahoo.com/v8/finance/chart/SBILIFE.NS?period1=1751760000&period2=1783382400&interval=1d&events=div%2Csplits%2Chistory&includeAdjustedClose=true,2026-07-06T07:37:23.266692+00:00
2026-02-09,SBILIFE,SBILIFE.NS,1996.699951171875,2036.199951171875,1996.699951171875,2024.0,2021.1903076171875,0.9986118120638278,1266623,Yahoo Finance automated fallback,https://query1.finance.yahoo.com/v8/finance/chart/SBILIFE.NS?period1=1751760000&period2=1783382400&interval=1d&events=div%2Csplits%2Chistory&includeAdjustedClose=true,2026-07-06T07:37:23.266692+00:00
2026-02-10,SBILIFE,SBILIFE.NS,2024.0,2027.5999755859375,1999.0,2018.300048828125,2015.498291015625,0.9986118229476698,570843,Yahoo Finance automated fallback,https://query1.finance.yahoo.com/v8/finance/chart/SBILIFE.NS?period1=1751760000&period2=1783382400&interval=1d&events=div%2Csplits%2Chistory&includeAdjustedClose=true,2026-07-06T07:37:23.266692+00:00
2026-02-11,SBILIFE,SBILIFE.NS,2023.0,2039.0999755859375,2017.300048828125,2026.300048828125,2023.4871826171875,0.9986118214760128,662626,Yahoo Finance automated fallback,https://query1.finance.yahoo.com/v8/finance/chart/SBILIFE.NS?period1=1751760000&period2=1783382400&interval=1d&events=div%2Csplits%2Chistory&includeAdjustedClose=true,2026-07-06T07:37:23.266692+00:00
2026-02-12,SBILIFE,SBILIFE.NS,2022.0,2026.0,1998.0,2022.0999755859375,2019.29296875,0.99861183577972,426707,Yahoo Finance automated fallback,https://query1.finance.yahoo.com/v8/finance/chart/SBILIFE.NS?period1=1751760000&period2=1783382400&interval=1d&events=div%2Csplits%2Chistory&includeAdjustedClose=true,2026-07-06T07:37:23.266692+00:00
2026-02-13,SBILIFE,SBILIFE.NS,2039.0,2043.9000244140625,2005.199951171875,2034.199951171875,2031.3760986328125,0.9986118117162299,1240712,Yahoo Finance automated fallback,https://query1.finance.yahoo.com/v8/finance/chart/SBILIFE.NS?period1=1751760000&period2=1783382400&interval=1d&events=div%2Csplits%2Chistory&includeAdjustedClose=true,2026-07-06T07:37:23.266692+00:00
2026-02-16,SBILIFE,SBILIFE.NS,2033.9000244140625,2050.300048828125,2023.800048828125,2042.4000244140625,2039.5648193359375,0.9986118267507668,580680,Yahoo Finance automated fallback,https://query1.finance.yahoo.com/v8/finance/chart/SBILIFE.NS?period1=1751760000&period2=1783382400&interval=1d&events=div%2Csplits%2Chistory&includeAdjustedClose=true,2026-07-06T07:37:23.266692+00:00
2026-02-17,SBILIFE,SBILIFE.NS,2042.4000244140625,2045.0,2026.5999755859375,2039.5,2036.6688232421875,0.9986118280177433,377148,Yahoo Finance automated fallback,https://query1.finance.yahoo.com/v8/finance/chart/SBILIFE.NS?period1=1751760000&period2=1783382400&interval=1d&events=div%2Csplits%2Chistory&includeAdjustedClose=true,2026-07-06T07:37:23.266692+00:00
2026-02-18,SBILIFE,SBILIFE.NS,2034.4000244140625,2062.39990234375,2034.4000244140625,2059.60009765625,2056.740966796875,0.9986118029113377,353144,Yahoo Finance automated fallback,https://query1.finance.yahoo.com/v8/finance/chart/SBILIFE.NS?period1=1751760000&period2=1783382400&interval=1d&events=div%2Csplits%2Chistory&includeAdjustedClose=true,2026-07-06T07:37:23.266692+00:00
2026-02-19,SBILIFE,SBILIFE.NS,2065.0,2068.0,2037.5999755859375,2043.0,2040.1639404296875,0.9986118161672479,420142,Yahoo Finance automated fallback,https://query1.finance.yahoo.com/v8/finance/chart/SBILIFE.NS?period1=1751760000&period2=1783382400&interval=1d&events=div%2Csplits%2Chistory&includeAdjustedClose=true,2026-07-06T07:37:23.266692+00:00
2026-02-20,SBILIFE,SBILIFE.NS,2042.9000244140625,2083.300048828125,2036.0,2080.0,2077.112548828125,0.9986118023212139,922200,Yahoo Finance automated fallback,https://query1.finance.yahoo.com/v8/finance/chart/SBILIFE.NS?period1=1751760000&period2=1783382400&interval=1d&events=div%2Csplits%2Chistory&includeAdjustedClose=true,2026-07-06T07:37:23.266692+00:00
2026-02-23,SBILIFE,SBILIFE.NS,2089.699951171875,2132.0,2072.199951171875,2109.60009765625,2106.671630859375,0.9986118379497003,998892,Yahoo Finance automated fallback,https://query1.finance.yahoo.com/v8/finance/chart/SBILIFE.NS?period1=1751760000&period2=1783382400&interval=1d&events=div%2Csplits%2Chistory&includeAdjustedClose=true,2026-07-06T07:37:23.266692+00:00
2026-02-24,SBILIFE,SBILIFE.NS,2109.60009765625,2119.0,2076.60009765625,2082.89990234375,2080.008544921875,0.9986118596392359,841918,Yahoo Finance automated fallback,https://query1.finance.yahoo.com/v8/finance/chart/SBILIFE.NS?period1=1751760000&period2=1783382400&interval=1d&events=div%2Csplits%2Chistory&includeAdjustedClose=true,2026-07-06T07:37:23.266692+00:00
2026-02-25,SBILIFE,SBILIFE.NS,2089.699951171875,2106.0,2069.5,2073.60009765625,2070.721435546875,0.9986117563783736,355352,Yahoo Finance automated fallback,https://query1.finance.yahoo.com/v8/finance/chart/SBILIFE.NS?period1=1751760000&period2=1783382400&interval=1d&events=div%2Csplits%2Chistory&includeAdjustedClose=true,2026-07-06T07:37:23.266692+00:00
2026-02-26,SBILIFE,SBILIFE.NS,2080.0,2103.39990234375,2063.300048828125,2082.800048828125,2079.90869140625,0.9986117930890669,567098,Yahoo Finance automated fallback,https://query1.finance.yahoo.com/v8/finance/chart/SBILIFE.NS?period1=1751760000&period2=1783382400&interval=1d&events=div%2Csplits%2Chistory&includeAdjustedClose=true,2026-07-06T07:37:23.266692+00:00
2026-02-27,SBILIFE,SBILIFE.NS,2076.10009765625,2093.800048828125,2030.9000244140625,2037.199951171875,2034.3719482421875,0.99861181867393,1374835,Yahoo Finance automated fallback,https://query1.finance.yahoo.com/v8/finance/chart/SBILIFE.NS?period1=1751760000&period2=1783382400&interval=1d&events=div%2Csplits%2Chistory&includeAdjustedClose=true,2026-07-06T07:37:23.266692+00:00
2026-03-02,SBILIFE,SBILIFE.NS,2028.0,2053.39990234375,1996.5,2032.199951171875,2029.37890625,0.9986118270890381,1009225,Yahoo Finance automated fallback,https://query1.finance.yahoo.com/v8/finance/chart/SBILIFE.NS?period1=1751760000&period2=1783382400&interval=1d&events=div%2Csplits%2Chistory&includeAdjustedClose=true,2026-07-06T07:37:23.266692+00:00
2026-03-04,SBILIFE,SBILIFE.NS,1964.0,1997.199951171875,1923.5999755859375,1930.5999755859375,1927.919921875,0.9986118026806023,966848,Yahoo Finance automated fallback,https://query1.finance.yahoo.com/v8/finance/chart/SBILIFE.NS?period1=1751760000&period2=1783382400&interval=1d&events=div%2Csplits%2Chistory&includeAdjustedClose=true,2026-07-06T07:37:23.266692+00:00
2026-03-05,SBILIFE,SBILIFE.NS,1947.5999755859375,1951.0999755859375,1898.0,1945.0,1942.2999267578125,0.9986117875361504,1955176,Yahoo Finance automated fallback,https://query1.finance.yahoo.com/v8/finance/chart/SBILIFE.NS?period1=1751760000&period2=1783382400&interval=1d&events=div%2Csplits%2Chistory&includeAdjustedClose=true,2026-07-06T07:37:23.266692+00:00
2026-03-06,SBILIFE,SBILIFE.NS,1930.0,1962.9000244140625,1924.800048828125,1941.5999755859375,1941.5999755859375,1.0,858666,Yahoo Finance automated fallback,https://query1.finance.yahoo.com/v8/finance/chart/SBILIFE.NS?period1=1751760000&period2=1783382400&interval=1d&events=div%2Csplits%2Chistory&includeAdjustedClose=true,2026-07-06T07:37:23.266692+00:00
2026-03-09,SBILIFE,SBILIFE.NS,1900.0,1926.0999755859375,1890.0,1912.5,1912.5,1.0,1617012,Yahoo Finance automated fallback,https://query1.finance.yahoo.com/v8/finance/chart/SBILIFE.NS?period1=1751760000&period2=1783382400&interval=1d&events=div%2Csplits%2Chistory&includeAdjustedClose=true,2026-07-06T07:37:23.266692+00:00
2026-03-10,SBILIFE,SBILIFE.NS,1933.300048828125,1974.800048828125,1926.5,1963.699951171875,1963.699951171875,1.0,587710,Yahoo Finance automated fallback,https://query1.finance.yahoo.com/v8/finance/chart/SBILIFE.NS?period1=1751760000&period2=1783382400&interval=1d&events=div%2Csplits%2Chistory&includeAdjustedClose=true,2026-07-06T07:37:23.266692+00:00
2026-03-11,SBILIFE,SBILIFE.NS,1985.0,1985.0,1927.300048828125,1938.5999755859375,1938.5999755859375,1.0,829640,Yahoo Finance automated fallback,https://query1.finance.yahoo.com/v8/finance/chart/SBILIFE.NS?period1=1751760000&period2=1783382400&interval=1d&events=div%2Csplits%2Chistory&includeAdjustedClose=true,2026-07-06T07:37:23.266692+00:00
2026-03-12,SBILIFE,SBILIFE.NS,1925.0,1948.0999755859375,1907.0,1939.4000244140625,1939.4000244140625,1.0,868643,Yahoo Finance automated fallback,https://query1.finance.yahoo.com/v8/finance/chart/SBILIFE.NS?period1=1751760000&period2=1783382400&interval=1d&events=div%2Csplits%2Chistory&includeAdjustedClose=true,2026-07-06T07:37:23.266692+00:00
2026-03-13,SBILIFE,SBILIFE.NS,1932.5,1938.9000244140625,1900.4000244140625,1904.4000244140625,1904.4000244140625,1.0,989732,Yahoo Finance automated fallback,https://query1.finance.yahoo.com/v8/finance/chart/SBILIFE.NS?period1=1751760000&period2=1783382400&interval=1d&events=div%2Csplits%2Chistory&includeAdjustedClose=true,2026-07-06T07:37:23.266692+00:00
2026-03-16,SBILIFE,SBILIFE.NS,1901.0,1918.0,1881.0,1909.199951171875,1909.199951171875,1.0,902404,Yahoo Finance automated fallback,https://query1.finance.yahoo.com/v8/finance/chart/SBILIFE.NS?period1=1751760000&period2=1783382400&interval=1d&events=div%2Csplits%2Chistory&includeAdjustedClose=true,2026-07-06T07:37:23.266692+00:00
2026-03-17,SBILIFE,SBILIFE.NS,1903.0,1938.699951171875,1901.5,1932.0999755859375,1932.0999755859375,1.0,1255806,Yahoo Finance automated fallback,https://query1.finance.yahoo.com/v8/finance/chart/SBILIFE.NS?period1=1751760000&period2=1783382400&interval=1d&events=div%2Csplits%2Chistory&includeAdjustedClose=true,2026-07-06T07:37:23.266692+00:00
2026-03-18,SBILIFE,SBILIFE.NS,1932.0,1974.699951171875,1932.0,1962.5,1962.5,1.0,705652,Yahoo Finance automated fallback,https://query1.finance.yahoo.com/v8/finance/chart/SBILIFE.NS?period1=1751760000&period2=1783382400&interval=1d&events=div%2Csplits%2Chistory&includeAdjustedClose=true,2026-07-06T07:37:23.266692+00:00
2026-03-19,SBILIFE,SBILIFE.NS,1950.0,1956.199951171875,1897.5,1903.0999755859375,1903.0999755859375,1.0,741211,Yahoo Finance automated fallback,https://query1.finance.yahoo.com/v8/finance/chart/SBILIFE.NS?period1=1751760000&period2=1783382400&interval=1d&events=div%2Csplits%2Chistory&includeAdjustedClose=true,2026-07-06T07:37:23.266692+00:00
2026-03-20,SBILIFE,SBILIFE.NS,1906.9000244140625,1919.9000244140625,1890.0,1896.9000244140625,1896.9000244140625,1.0,1782505,Yahoo Finance automated fallback,https://query1.finance.yahoo.com/v8/finance/chart/SBILIFE.NS?period1=1751760000&period2=1783382400&interval=1d&events=div%2Csplits%2Chistory&includeAdjustedClose=true,2026-07-06T07:37:23.266692+00:00
2026-03-23,SBILIFE,SBILIFE.NS,1875.0,1889.800048828125,1811.5,1832.300048828125,1832.300048828125,1.0,1338816,Yahoo Finance automated fallback,https://query1.finance.yahoo.com/v8/finance/chart/SBILIFE.NS?period1=1751760000&period2=1783382400&interval=1d&events=div%2Csplits%2Chistory&includeAdjustedClose=true,2026-07-06T07:37:23.266692+00:00
2026-03-24,SBILIFE,SBILIFE.NS,1842.0,1866.5,1812.199951171875,1836.0,1836.0,1.0,1403010,Yahoo Finance automated fallback,https://query1.finance.yahoo.com/v8/finance/chart/SBILIFE.NS?period1=1751760000&period2=1783382400&interval=1d&events=div%2Csplits%2Chistory&includeAdjustedClose=true,2026-07-06T07:37:23.266692+00:00
2026-03-25,SBILIFE,SBILIFE.NS,1845.300048828125,1867.4000244140625,1839.199951171875,1851.800048828125,1851.800048828125,1.0,1167758,Yahoo Finance automated fallback,https://query1.finance.yahoo.com/v8/finance/chart/SBILIFE.NS?period1=1751760000&period2=1783382400&interval=1d&events=div%2Csplits%2Chistory&includeAdjustedClose=true,2026-07-06T07:37:23.266692+00:00
2026-03-27,SBILIFE,SBILIFE.NS,1835.199951171875,1851.0999755859375,1828.9000244140625,1837.5999755859375,1837.5999755859375,1.0,1156884,Yahoo Finance automated fallback,https://query1.finance.yahoo.com/v8/finance/chart/SBILIFE.NS?period1=1751760000&period2=1783382400&interval=1d&events=div%2Csplits%2Chistory&includeAdjustedClose=true,2026-07-06T07:37:23.266692+00:00
2026-03-30,SBILIFE,SBILIFE.NS,1820.800048828125,1828.4000244140625,1766.0,1777.300048828125,1777.300048828125,1.0,2274502,Yahoo Finance automated fallback,https://query1.finance.yahoo.com/v8/finance/chart/SBILIFE.NS?period1=1751760000&period2=1783382400&interval=1d&events=div%2Csplits%2Chistory&includeAdjustedClose=true,2026-07-06T07:37:23.266692+00:00
2026-04-01,SBILIFE,SBILIFE.NS,1828.4000244140625,1845.5999755859375,1762.5,1790.5,1790.5,1.0,1132054,Yahoo Finance automated fallback,https://query1.finance.yahoo.com/v8/finance/chart/SBILIFE.NS?period1=1751760000&period2=1783382400&interval=1d&events=div%2Csplits%2Chistory&includeAdjustedClose=true,2026-07-06T07:37:23.266692+00:00
2026-04-02,SBILIFE,SBILIFE.NS,1760.0,1778.9000244140625,1728.0999755859375,1774.0,1774.0,1.0,1494738,Yahoo Finance automated fallback,https://query1.finance.yahoo.com/v8/finance/chart/SBILIFE.NS?period1=1751760000&period2=1783382400&interval=1d&events=div%2Csplits%2Chistory&includeAdjustedClose=true,2026-07-06T07:37:23.266692+00:00
2026-04-06,SBILIFE,SBILIFE.NS,1757.5,1844.5,1757.5,1836.800048828125,1836.800048828125,1.0,1721071,Yahoo Finance automated fallback,https://query1.finance.yahoo.com/v8/finance/chart/SBILIFE.NS?period1=1751760000&period2=1783382400&interval=1d&events=div%2Csplits%2Chistory&includeAdjustedClose=true,2026-07-06T07:37:23.266692+00:00
2026-04-07,SBILIFE,SBILIFE.NS,1814.5,1845.9000244140625,1805.5,1841.4000244140625,1841.4000244140625,1.0,974742,Yahoo Finance automated fallback,https://query1.finance.yahoo.com/v8/finance/chart/SBILIFE.NS?period1=1751760000&period2=1783382400&interval=1d&events=div%2Csplits%2Chistory&includeAdjustedClose=true,2026-07-06T07:37:23.266692+00:00
2026-04-08,SBILIFE,SBILIFE.NS,1880.0,1923.0,1870.0,1907.5999755859375,1907.5999755859375,1.0,1104494,Yahoo Finance automated fallback,https://query1.finance.yahoo.com/v8/finance/chart/SBILIFE.NS?period1=1751760000&period2=1783382400&interval=1d&events=div%2Csplits%2Chistory&includeAdjustedClose=true,2026-07-06T07:37:23.266692+00:00
2026-04-09,SBILIFE,SBILIFE.NS,1907.0,1930.0,1881.0999755859375,1904.0,1904.0,1.0,1330082,Yahoo Finance automated fallback,https://query1.finance.yahoo.com/v8/finance/chart/SBILIFE.NS?period1=1751760000&period2=1783382400&interval=1d&events=div%2Csplits%2Chistory&includeAdjustedClose=true,2026-07-06T07:37:23.266692+00:00
2026-04-10,SBILIFE,SBILIFE.NS,1914.9000244140625,1950.5999755859375,1914.300048828125,1923.199951171875,1923.199951171875,1.0,763543,Yahoo Finance automated fallback,https://query1.finance.yahoo.com/v8/finance/chart/SBILIFE.NS?period1=1751760000&period2=1783382400&interval=1d&events=div%2Csplits%2Chistory&includeAdjustedClose=true,2026-07-06T07:37:23.266692+00:00
2026-04-13,SBILIFE,SBILIFE.NS,1909.0,1931.800048828125,1889.0,1914.4000244140625,1914.4000244140625,1.0,638729,Yahoo Finance automated fallback,https://query1.finance.yahoo.com/v8/finance/chart/SBILIFE.NS?period1=1751760000&period2=1783382400&interval=1d&events=div%2Csplits%2Chistory&includeAdjustedClose=true,2026-07-06T07:37:23.266692+00:00
2026-04-15,SBILIFE,SBILIFE.NS,1929.800048828125,1974.199951171875,1928.0999755859375,1971.0,1971.0,1.0,1341053,Yahoo Finance automated fallback,https://query1.finance.yahoo.com/v8/finance/chart/SBILIFE.NS?period1=1751760000&period2=1783382400&interval=1d&events=div%2Csplits%2Chistory&includeAdjustedClose=true,2026-07-06T07:37:23.266692+00:00
2026-04-16,SBILIFE,SBILIFE.NS,1971.0999755859375,1990.9000244140625,1962.0999755859375,1974.699951171875,1974.699951171875,1.0,642257,Yahoo Finance automated fallback,https://query1.finance.yahoo.com/v8/finance/chart/SBILIFE.NS?period1=1751760000&period2=1783382400&interval=1d&events=div%2Csplits%2Chistory&includeAdjustedClose=true,2026-07-06T07:37:23.266692+00:00
2026-04-17,SBILIFE,SBILIFE.NS,1967.0,1975.800048828125,1954.9000244140625,1970.9000244140625,1970.9000244140625,1.0,533713,Yahoo Finance automated fallback,https://query1.finance.yahoo.com/v8/finance/chart/SBILIFE.NS?period1=1751760000&period2=1783382400&interval=1d&events=div%2Csplits%2Chistory&includeAdjustedClose=true,2026-07-06T07:37:23.266692+00:00
2026-04-20,SBILIFE,SBILIFE.NS,1976.300048828125,1989.5999755859375,1956.5999755859375,1982.5,1982.5,1.0,1033871,Yahoo Finance automated fallback,https://query1.finance.yahoo.com/v8/finance/chart/SBILIFE.NS?period1=1751760000&period2=1783382400&interval=1d&events=div%2Csplits%2Chistory&includeAdjustedClose=true,2026-07-06T07:37:23.266692+00:00
2026-04-21,SBILIFE,SBILIFE.NS,1974.4000244140625,1975.800048828125,1891.699951171875,1911.5999755859375,1911.5999755859375,1.0,5153618,Yahoo Finance automated fallback,https://query1.finance.yahoo.com/v8/finance/chart/SBILIFE.NS?period1=1751760000&period2=1783382400&interval=1d&events=div%2Csplits%2Chistory&includeAdjustedClose=true,2026-07-06T07:37:23.266692+00:00
2026-04-22,SBILIFE,SBILIFE.NS,1910.0,1930.5999755859375,1880.0,1884.800048828125,1884.800048828125,1.0,4044590,Yahoo Finance automated fallback,https://query1.finance.yahoo.com/v8/finance/chart/SBILIFE.NS?period1=1751760000&period2=1783382400&interval=1d&events=div%2Csplits%2Chistory&includeAdjustedClose=true,2026-07-06T07:37:23.266692+00:00
2026-04-23,SBILIFE,SBILIFE.NS,1865.0,1886.699951171875,1807.699951171875,1828.0999755859375,1828.0999755859375,1.0,4199895,Yahoo Finance automated fallback,https://query1.finance.yahoo.com/v8/finance/chart/SBILIFE.NS?period1=1751760000&period2=1783382400&interval=1d&events=div%2Csplits%2Chistory&includeAdjustedClose=true,2026-07-06T07:37:23.266692+00:00
2026-04-24,SBILIFE,SBILIFE.NS,1817.0,1836.300048828125,1762.0999755859375,1768.9000244140625,1768.9000244140625,1.0,5283235,Yahoo Finance automated fallback,https://query1.finance.yahoo.com/v8/finance/chart/SBILIFE.NS?period1=1751760000&period2=1783382400&interval=1d&events=div%2Csplits%2Chistory&includeAdjustedClose=true,2026-07-06T07:37:23.266692+00:00
2026-04-27,SBILIFE,SBILIFE.NS,1768.9000244140625,1818.5,1759.0,1815.4000244140625,1815.4000244140625,1.0,1918952,Yahoo Finance automated fallback,https://query1.finance.yahoo.com/v8/finance/chart/SBILIFE.NS?period1=1751760000&period2=1783382400&interval=1d&events=div%2Csplits%2Chistory&includeAdjustedClose=true,2026-07-06T07:37:23.266692+00:00
2026-04-28,SBILIFE,SBILIFE.NS,1814.5999755859375,1824.0,1798.800048828125,1808.300048828125,1808.300048828125,1.0,1487099,Yahoo Finance automated fallback,https://query1.finance.yahoo.com/v8/finance/chart/SBILIFE.NS?period1=1751760000&period2=1783382400&interval=1d&events=div%2Csplits%2Chistory&includeAdjustedClose=true,2026-07-06T07:37:23.266692+00:00
2026-04-29,SBILIFE,SBILIFE.NS,1808.5999755859375,1829.5,1792.9000244140625,1816.199951171875,1816.199951171875,1.0,1431080,Yahoo Finance automated fallback,https://query1.finance.yahoo.com/v8/finance/chart/SBILIFE.NS?period1=1751760000&period2=1783382400&interval=1d&events=div%2Csplits%2Chistory&includeAdjustedClose=true,2026-07-06T07:37:23.266692+00:00
2026-04-30,SBILIFE,SBILIFE.NS,1814.9000244140625,1826.0,1785.199951171875,1819.0,1819.0,1.0,1082053,Yahoo Finance automated fallback,https://query1.finance.yahoo.com/v8/finance/chart/SBILIFE.NS?period1=1751760000&period2=1783382400&interval=1d&events=div%2Csplits%2Chistory&includeAdjustedClose=true,2026-07-06T07:37:23.266692+00:00
2026-05-01,SBILIFE,SBILIFE.NS,1819.0,1819.0,1819.0,1819.0,1819.0,1.0,0,Yahoo Finance automated fallback,https://query1.finance.yahoo.com/v8/finance/chart/SBILIFE.NS?period1=1751760000&period2=1783382400&interval=1d&events=div%2Csplits%2Chistory&includeAdjustedClose=true,2026-07-06T07:37:23.266692+00:00
2026-05-04,SBILIFE,SBILIFE.NS,1810.0999755859375,1845.0,1810.0999755859375,1820.0999755859375,1820.0999755859375,1.0,1929706,Yahoo Finance automated fallback,https://query1.finance.yahoo.com/v8/finance/chart/SBILIFE.NS?period1=1751760000&period2=1783382400&interval=1d&events=div%2Csplits%2Chistory&includeAdjustedClose=true,2026-07-06T07:37:23.266692+00:00
2026-05-05,SBILIFE,SBILIFE.NS,1820.0,1835.0,1802.5999755859375,1821.199951171875,1821.199951171875,1.0,1003169,Yahoo Finance automated fallback,https://query1.finance.yahoo.com/v8/finance/chart/SBILIFE.NS?period1=1751760000&period2=1783382400&interval=1d&events=div%2Csplits%2Chistory&includeAdjustedClose=true,2026-07-06T07:37:23.266692+00:00
2026-05-06,SBILIFE,SBILIFE.NS,1839.0,1868.9000244140625,1825.9000244140625,1859.0,1859.0,1.0,1236623,Yahoo Finance automated fallback,https://query1.finance.yahoo.com/v8/finance/chart/SBILIFE.NS?period1=1751760000&period2=1783382400&interval=1d&events=div%2Csplits%2Chistory&includeAdjustedClose=true,2026-07-06T07:37:23.266692+00:00
2026-05-07,SBILIFE,SBILIFE.NS,1868.0,1879.199951171875,1860.0,1872.199951171875,1872.199951171875,1.0,1232684,Yahoo Finance automated fallback,https://query1.finance.yahoo.com/v8/finance/chart/SBILIFE.NS?period1=1751760000&period2=1783382400&interval=1d&events=div%2Csplits%2Chistory&includeAdjustedClose=true,2026-07-06T07:37:23.266692+00:00
2026-05-08,SBILIFE,SBILIFE.NS,1874.9000244140625,1885.0,1865.199951171875,1872.0999755859375,1872.0999755859375,1.0,673259,Yahoo Finance automated fallback,https://query1.finance.yahoo.com/v8/finance/chart/SBILIFE.NS?period1=1751760000&period2=1783382400&interval=1d&events=div%2Csplits%2Chistory&includeAdjustedClose=true,2026-07-06T07:37:23.266692+00:00
2026-05-11,SBILIFE,SBILIFE.NS,1865.5999755859375,1895.0,1863.9000244140625,1884.4000244140625,1884.4000244140625,1.0,672604,Yahoo Finance automated fallback,https://query1.finance.yahoo.com/v8/finance/chart/SBILIFE.NS?period1=1751760000&period2=1783382400&interval=1d&events=div%2Csplits%2Chistory&includeAdjustedClose=true,2026-07-06T07:37:23.266692+00:00
2026-05-12,SBILIFE,SBILIFE.NS,1866.0,1875.5999755859375,1825.0,1833.9000244140625,1833.9000244140625,1.0,1291216,Yahoo Finance automated fallback,https://query1.finance.yahoo.com/v8/finance/chart/SBILIFE.NS?period1=1751760000&period2=1783382400&interval=1d&events=div%2Csplits%2Chistory&includeAdjustedClose=true,2026-07-06T07:37:23.266692+00:00
2026-05-13,SBILIFE,SBILIFE.NS,1820.0,1851.4000244140625,1818.199951171875,1837.5,1837.5,1.0,853301,Yahoo Finance automated fallback,https://query1.finance.yahoo.com/v8/finance/chart/SBILIFE.NS?period1=1751760000&period2=1783382400&interval=1d&events=div%2Csplits%2Chistory&includeAdjustedClose=true,2026-07-06T07:37:23.266692+00:00
2026-05-14,SBILIFE,SBILIFE.NS,1831.0,1870.0,1825.0,1866.699951171875,1866.699951171875,1.0,765124,Yahoo Finance automated fallback,https://query1.finance.yahoo.com/v8/finance/chart/SBILIFE.NS?period1=1751760000&period2=1783382400&interval=1d&events=div%2Csplits%2Chistory&includeAdjustedClose=true,2026-07-06T07:37:23.266692+00:00
2026-05-15,SBILIFE,SBILIFE.NS,1866.699951171875,1883.9000244140625,1850.0,1864.5,1864.5,1.0,851184,Yahoo Finance automated fallback,https://query1.finance.yahoo.com/v8/finance/chart/SBILIFE.NS?period1=1751760000&period2=1783382400&interval=1d&events=div%2Csplits%2Chistory&includeAdjustedClose=true,2026-07-06T07:37:23.266692+00:00
2026-05-18,SBILIFE,SBILIFE.NS,1846.0,1867.5,1825.300048828125,1860.4000244140625,1860.4000244140625,1.0,746942,Yahoo Finance automated fallback,https://query1.finance.yahoo.com/v8/finance/chart/SBILIFE.NS?period1=1751760000&period2=1783382400&interval=1d&events=div%2Csplits%2Chistory&includeAdjustedClose=true,2026-07-06T07:37:23.266692+00:00
2026-05-19,SBILIFE,SBILIFE.NS,1846.0,1892.0,1845.4000244140625,1881.4000244140625,1881.4000244140625,1.0,1351813,Yahoo Finance automated fallback,https://query1.finance.yahoo.com/v8/finance/chart/SBILIFE.NS?period1=1751760000&period2=1783382400&interval=1d&events=div%2Csplits%2Chistory&includeAdjustedClose=true,2026-07-06T07:37:23.266692+00:00
2026-05-20,SBILIFE,SBILIFE.NS,1860.0,1882.4000244140625,1856.0999755859375,1864.199951171875,1864.199951171875,1.0,563774,Yahoo Finance automated fallback,https://query1.finance.yahoo.com/v8/finance/chart/SBILIFE.NS?period1=1751760000&period2=1783382400&interval=1d&events=div%2Csplits%2Chistory&includeAdjustedClose=true,2026-07-06T07:37:23.266692+00:00
2026-05-21,SBILIFE,SBILIFE.NS,1869.9000244140625,1876.4000244140625,1854.9000244140625,1859.9000244140625,1859.9000244140625,1.0,383464,Yahoo Finance automated fallback,https://query1.finance.yahoo.com/v8/finance/chart/SBILIFE.NS?period1=1751760000&period2=1783382400&interval=1d&events=div%2Csplits%2Chistory&includeAdjustedClose=true,2026-07-06T07:37:23.266692+00:00
2026-05-22,SBILIFE,SBILIFE.NS,1872.0,1893.0,1860.9000244140625,1870.699951171875,1870.699951171875,1.0,934443,Yahoo Finance automated fallback,https://query1.finance.yahoo.com/v8/finance/chart/SBILIFE.NS?period1=1751760000&period2=1783382400&interval=1d&events=div%2Csplits%2Chistory&includeAdjustedClose=true,2026-07-06T07:37:23.266692+00:00
2026-05-25,SBILIFE,SBILIFE.NS,1881.5,1905.0,1879.800048828125,1901.9000244140625,1901.9000244140625,1.0,445135,Yahoo Finance automated fallback,https://query1.finance.yahoo.com/v8/finance/chart/SBILIFE.NS?period1=1751760000&period2=1783382400&interval=1d&events=div%2Csplits%2Chistory&includeAdjustedClose=true,2026-07-06T07:37:23.266692+00:00
2026-05-26,SBILIFE,SBILIFE.NS,1904.800048828125,1906.9000244140625,1876.0999755859375,1883.199951171875,1883.199951171875,1.0,812898,Yahoo Finance automated fallback,https://query1.finance.yahoo.com/v8/finance/chart/SBILIFE.NS?period1=1751760000&period2=1783382400&interval=1d&events=div%2Csplits%2Chistory&includeAdjustedClose=true,2026-07-06T07:37:23.266692+00:00
2026-05-27,SBILIFE,SBILIFE.NS,1883.0,1888.5,1860.0,1864.5,1864.5,1.0,372683,Yahoo Finance automated fallback,https://query1.finance.yahoo.com/v8/finance/chart/SBILIFE.NS?period1=1751760000&period2=1783382400&interval=1d&events=div%2Csplits%2Chistory&includeAdjustedClose=true,2026-07-06T07:37:23.266692+00:00
2026-05-28,SBILIFE,SBILIFE.NS,1864.5,1864.5,1864.5,1864.5,1864.5,1.0,0,Yahoo Finance automated fallback,https://query1.finance.yahoo.com/v8/finance/chart/SBILIFE.NS?period1=1751760000&period2=1783382400&interval=1d&events=div%2Csplits%2Chistory&includeAdjustedClose=true,2026-07-06T07:37:23.266692+00:00
2026-05-29,SBILIFE,SBILIFE.NS,1862.4000244140625,1864.0,1820.5,1830.0999755859375,1830.0999755859375,1.0,2094924,Yahoo Finance automated fallback,https://query1.finance.yahoo.com/v8/finance/chart/SBILIFE.NS?period1=1751760000&period2=1783382400&interval=1d&events=div%2Csplits%2Chistory&includeAdjustedClose=true,2026-07-06T07:37:23.266692+00:00
2026-06-01,SBILIFE,SBILIFE.NS,1839.0,1846.4000244140625,1801.800048828125,1812.5,1812.5,1.0,1991126,Yahoo Finance automated fallback,https://query1.finance.yahoo.com/v8/finance/chart/SBILIFE.NS?period1=1751760000&period2=1783382400&interval=1d&events=div%2Csplits%2Chistory&includeAdjustedClose=true,2026-07-06T07:37:23.266692+00:00
2026-06-02,SBILIFE,SBILIFE.NS,1786.0,1819.0,1781.699951171875,1801.699951171875,1801.699951171875,1.0,1196704,Yahoo Finance automated fallback,https://query1.finance.yahoo.com/v8/finance/chart/SBILIFE.NS?period1=1751760000&period2=1783382400&interval=1d&events=div%2Csplits%2Chistory&includeAdjustedClose=true,2026-07-06T07:37:23.266692+00:00
2026-06-03,SBILIFE,SBILIFE.NS,1801.699951171875,1809.9000244140625,1759.0,1784.199951171875,1784.199951171875,1.0,784328,Yahoo Finance automated fallback,https://query1.finance.yahoo.com/v8/finance/chart/SBILIFE.NS?period1=1751760000&period2=1783382400&interval=1d&events=div%2Csplits%2Chistory&includeAdjustedClose=true,2026-07-06T07:37:23.266692+00:00
2026-06-04,SBILIFE,SBILIFE.NS,1781.5999755859375,1784.0999755859375,1760.5,1764.9000244140625,1764.9000244140625,1.0,727483,Yahoo Finance automated fallback,https://query1.finance.yahoo.com/v8/finance/chart/SBILIFE.NS?period1=1751760000&period2=1783382400&interval=1d&events=div%2Csplits%2Chistory&includeAdjustedClose=true,2026-07-06T07:37:23.266692+00:00
2026-06-05,SBILIFE,SBILIFE.NS,1774.0,1797.800048828125,1766.0999755859375,1782.800048828125,1782.800048828125,1.0,715458,Yahoo Finance automated fallback,https://query1.finance.yahoo.com/v8/finance/chart/SBILIFE.NS?period1=1751760000&period2=1783382400&interval=1d&events=div%2Csplits%2Chistory&includeAdjustedClose=true,2026-07-06T07:37:23.266692+00:00
2026-06-08,SBILIFE,SBILIFE.NS,1772.5999755859375,1786.4000244140625,1755.300048828125,1764.4000244140625,1764.4000244140625,1.0,438892,Yahoo Finance automated fallback,https://query1.finance.yahoo.com/v8/finance/chart/SBILIFE.NS?period1=1751760000&period2=1783382400&interval=1d&events=div%2Csplits%2Chistory&includeAdjustedClose=true,2026-07-06T07:37:23.266692+00:00
2026-06-09,SBILIFE,SBILIFE.NS,1755.0,1782.0999755859375,1754.699951171875,1769.0999755859375,1769.0999755859375,1.0,857754,Yahoo Finance automated fallback,https://query1.finance.yahoo.com/v8/finance/chart/SBILIFE.NS?period1=1751760000&period2=1783382400&interval=1d&events=div%2Csplits%2Chistory&includeAdjustedClose=true,2026-07-06T07:37:23.266692+00:00
2026-06-10,SBILIFE,SBILIFE.NS,1756.9000244140625,1774.0,1722.199951171875,1728.699951171875,1728.699951171875,1.0,1149490,Yahoo Finance automated fallback,https://query1.finance.yahoo.com/v8/finance/chart/SBILIFE.NS?period1=1751760000&period2=1783382400&interval=1d&events=div%2Csplits%2Chistory&includeAdjustedClose=true,2026-07-06T07:37:23.266692+00:00
2026-06-11,SBILIFE,SBILIFE.NS,1727.0,1740.0,1704.199951171875,1719.0999755859375,1719.0999755859375,1.0,965035,Yahoo Finance automated fallback,https://query1.finance.yahoo.com/v8/finance/chart/SBILIFE.NS?period1=1751760000&period2=1783382400&interval=1d&events=div%2Csplits%2Chistory&includeAdjustedClose=true,2026-07-06T07:37:23.266692+00:00
2026-06-12,SBILIFE,SBILIFE.NS,1742.0,1744.9000244140625,1700.4000244140625,1706.0,1706.0,1.0,1438254,Yahoo Finance automated fallback,https://query1.finance.yahoo.com/v8/finance/chart/SBILIFE.NS?period1=1751760000&period2=1783382400&interval=1d&events=div%2Csplits%2Chistory&includeAdjustedClose=true,2026-07-06T07:37:23.266692+00:00
2026-06-15,SBILIFE,SBILIFE.NS,1723.0,1766.300048828125,1710.0,1759.5,1759.5,1.0,1258362,Yahoo Finance automated fallback,https://query1.finance.yahoo.com/v8/finance/chart/SBILIFE.NS?period1=1751760000&period2=1783382400&interval=1d&events=div%2Csplits%2Chistory&includeAdjustedClose=true,2026-07-06T07:37:23.266692+00:00
2026-06-16,SBILIFE,SBILIFE.NS,1771.699951171875,1793.0,1764.0,1767.5999755859375,1767.5999755859375,1.0,1423732,Yahoo Finance automated fallback,https://query1.finance.yahoo.com/v8/finance/chart/SBILIFE.NS?period1=1751760000&period2=1783382400&interval=1d&events=div%2Csplits%2Chistory&includeAdjustedClose=true,2026-07-06T07:37:23.266692+00:00
2026-06-17,SBILIFE,SBILIFE.NS,1756.0,1803.0999755859375,1756.0,1793.5999755859375,1793.5999755859375,1.0,730989,Yahoo Finance automated fallback,https://query1.finance.yahoo.com/v8/finance/chart/SBILIFE.NS?period1=1751760000&period2=1783382400&interval=1d&events=div%2Csplits%2Chistory&includeAdjustedClose=true,2026-07-06T07:37:23.266692+00:00
2026-06-18,SBILIFE,SBILIFE.NS,1801.0,1816.4000244140625,1792.9000244140625,1807.5999755859375,1807.5999755859375,1.0,784096,Yahoo Finance automated fallback,https://query1.finance.yahoo.com/v8/finance/chart/SBILIFE.NS?period1=1751760000&period2=1783382400&interval=1d&events=div%2Csplits%2Chistory&includeAdjustedClose=true,2026-07-06T07:37:23.266692+00:00
2026-06-19,SBILIFE,SBILIFE.NS,1800.0,1814.199951171875,1786.9000244140625,1800.199951171875,1800.199951171875,1.0,352560,Yahoo Finance automated fallback,https://query1.finance.yahoo.com/v8/finance/chart/SBILIFE.NS?period1=1751760000&period2=1783382400&interval=1d&events=div%2Csplits%2Chistory&includeAdjustedClose=true,2026-07-06T07:37:23.266692+00:00
2026-06-22,SBILIFE,SBILIFE.NS,1800.0,1820.0,1795.0999755859375,1805.5,1805.5,1.0,549653,Yahoo Finance automated fallback,https://query1.finance.yahoo.com/v8/finance/chart/SBILIFE.NS?period1=1751760000&period2=1783382400&interval=1d&events=div%2Csplits%2Chistory&includeAdjustedClose=true,2026-07-06T07:37:23.266692+00:00
2026-06-23,SBILIFE,SBILIFE.NS,1805.5,1816.699951171875,1775.199951171875,1786.199951171875,1786.199951171875,1.0,961453,Yahoo Finance automated fallback,https://query1.finance.yahoo.com/v8/finance/chart/SBILIFE.NS?period1=1751760000&period2=1783382400&interval=1d&events=div%2Csplits%2Chistory&includeAdjustedClose=true,2026-07-06T07:37:23.266692+00:00
2026-06-24,SBILIFE,SBILIFE.NS,1786.199951171875,1794.0,1748.199951171875,1767.699951171875,1767.699951171875,1.0,1280774,Yahoo Finance automated fallback,https://query1.finance.yahoo.com/v8/finance/chart/SBILIFE.NS?period1=1751760000&period2=1783382400&interval=1d&events=div%2Csplits%2Chistory&includeAdjustedClose=true,2026-07-06T07:37:23.266692+00:00
2026-06-25,SBILIFE,SBILIFE.NS,1767.699951171875,1779.0,1740.0,1744.9000244140625,1744.9000244140625,1.0,933399,Yahoo Finance automated fallback,https://query1.finance.yahoo.com/v8/finance/chart/SBILIFE.NS?period1=1751760000&period2=1783382400&interval=1d&events=div%2Csplits%2Chistory&includeAdjustedClose=true,2026-07-06T07:37:23.266692+00:00
2026-06-26,SBILIFE,SBILIFE.NS,1744.9000244140625,1744.9000244140625,1744.9000244140625,1744.9000244140625,1744.9000244140625,1.0,0,Yahoo Finance automated fallback,https://query1.finance.yahoo.com/v8/finance/chart/SBILIFE.NS?period1=1751760000&period2=1783382400&interval=1d&events=div%2Csplits%2Chistory&includeAdjustedClose=true,2026-07-06T07:37:23.266692+00:00
2026-06-29,SBILIFE,SBILIFE.NS,1759.5999755859375,1772.699951171875,1736.9000244140625,1755.4000244140625,1755.4000244140625,1.0,3910884,Yahoo Finance automated fallback,https://query1.finance.yahoo.com/v8/finance/chart/SBILIFE.NS?period1=1751760000&period2=1783382400&interval=1d&events=div%2Csplits%2Chistory&includeAdjustedClose=true,2026-07-06T07:37:23.266692+00:00
2026-06-30,SBILIFE,SBILIFE.NS,1747.5,1777.0,1738.0,1765.699951171875,1765.699951171875,1.0,1456822,Yahoo Finance automated fallback,https://query1.finance.yahoo.com/v8/finance/chart/SBILIFE.NS?period1=1751760000&period2=1783382400&interval=1d&events=div%2Csplits%2Chistory&includeAdjustedClose=true,2026-07-06T07:37:23.266692+00:00
2026-07-01,SBILIFE,SBILIFE.NS,1777.0,1794.199951171875,1758.5999755859375,1790.9000244140625,1790.9000244140625,1.0,624234,Yahoo Finance automated fallback,https://query1.finance.yahoo.com/v8/finance/chart/SBILIFE.NS?period1=1751760000&period2=1783382400&interval=1d&events=div%2Csplits%2Chistory&includeAdjustedClose=true,2026-07-06T07:37:23.266692+00:00
2026-07-02,SBILIFE,SBILIFE.NS,1798.0,1799.9000244140625,1771.4000244140625,1784.4000244140625,1784.4000244140625,1.0,646630,Yahoo Finance automated fallback,https://query1.finance.yahoo.com/v8/finance/chart/SBILIFE.NS?period1=1751760000&period2=1783382400&interval=1d&events=div%2Csplits%2Chistory&includeAdjustedClose=true,2026-07-06T07:37:23.266692+00:00
2026-07-03,SBILIFE,SBILIFE.NS,1784.0,1800.0,1777.5,1788.699951171875,1788.699951171875,1.0,631175,Yahoo Finance automated fallback,https://query1.finance.yahoo.com/v8/finance/chart/SBILIFE.NS?period1=1751760000&period2=1783382400&interval=1d&events=div%2Csplits%2Chistory&includeAdjustedClose=true,2026-07-06T07:37:23.266692+00:00
2026-07-06,SBILIFE,SBILIFE.NS,1779.4000244140625,1797.0,1779.4000244140625,1786.699951171875,1786.699951171875,1.0,246129,Yahoo Finance automated fallback,https://query1.finance.yahoo.com/v8/finance/chart/SBILIFE.NS?period1=1751760000&period2=1783382400&interval=1d&events=div%2Csplits%2Chistory&includeAdjustedClose=true,2026-07-06T07:37:23.266692+00:00
